code,anexo,sector
7206100000,Annex I-A,Acero
7206900000,Annex I-A,Acero
7207110000,Annex I-A,Acero
7207120010,Annex I-A,Acero
7207120050,Annex I-A,Acero
7207190030,Annex I-A,Acero
7207190090,Annex I-A,Acero
7207200025,Annex I-A,Acero
7207200045,Annex I-A,Acero
7207200075,Annex I-A,Acero
7207200090,Annex I-A,Acero
7208101500,Annex I-A,Acero
7208103000,Annex I-A,Acero
7208106000,Annex I-A,Acero
7208253000,Annex I-A,Acero
7208256000,Annex I-A,Acero
7208260030,Annex I-A,Acero
7208260060,Annex I-A,Acero
7208270040,Annex I-A,Acero
7208270045,Annex I-A,Acero
7208270060,Annex I-A,Acero
7208360030,Annex I-A,Acero
7208360060,Annex I-A,Acero
7208370030,Annex I-A,Acero
7208370060,Annex I-A,Acero
7208380015,Annex I-A,Acero
7208380030,Annex I-A,Acero
7208380090,Annex I-A,Acero
7208390020,Annex I-A,Acero
7208390025,Annex I-A,Acero
7208390030,Annex I-A,Acero
7208390090,Annex I-A,Acero
7208403030,Annex I-A,Acero
7208403060,Annex I-A,Acero
7208406030,Annex I-A,Acero
7208406060,Annex I-A,Acero
7208510030,Annex I-A,Acero
7208510045,Annex I-A,Acero
7208510060,Annex I-A,Acero
7208520000,Annex I-A,Acero
7208530000,Annex I-A,Acero
7208540000,Annex I-A,Acero
7208900000,Annex I-A,Acero
7209150000,Annex I-A,Acero
7209160040,Annex I-A,Acero
7209160045,Annex I-A,Acero
7209160060,Annex I-A,Acero
7209160070,Annex I-A,Acero
7209160091,Annex I-A,Acero
7209170040,Annex I-A,Acero
7209170045,Annex I-A,Acero
7209170060,Annex I-A,Acero
7209170070,Annex I-A,Acero
7209170091,Annex I-A,Acero
7209181530,Annex I-A,Acero
7209181560,Annex I-A,Acero
7209182520,Annex I-A,Acero
7209182585,Annex I-A,Acero
7209186020,Annex I-A,Acero
7209186090,Annex I-A,Acero
7209250000,Annex I-A,Acero
7209260000,Annex I-A,Acero
7209270000,Annex I-A,Acero
7209280000,Annex I-A,Acero
7209900000,Annex I-A,Acero
7210110000,Annex I-A,Acero
7210120000,Annex I-A,Acero
7210200000,Annex I-A,Acero
7210300030,Annex I-A,Acero
7210300060,Annex I-A,Acero
7210410000,Annex I-A,Acero
7210490040,Annex I-A,Acero
7210490045,Annex I-A,Acero
7210490091,Annex I-A,Acero
7210490095,Annex I-A,Acero
7210500020,Annex I-A,Acero
7210500090,Annex I-A,Acero
7210610000,Annex I-A,Acero
7210690000,Annex I-A,Acero
7210703000,Annex I-A,Acero
7210706030,Annex I-A,Acero
7210706060,Annex I-A,Acero
7210706090,Annex I-A,Acero
7210901000,Annex I-A,Acero
7210906000,Annex I-A,Acero
7210909000,Annex I-A,Acero
7211130000,Annex I-A,Acero
7211140030,Annex I-A,Acero
7211140045,Annex I-A,Acero
7211140090,Annex I-A,Acero
7211191500,Annex I-A,Acero
7211192000,Annex I-A,Acero
7211193000,Annex I-A,Acero
7211194500,Annex I-A,Acero
7211196000,Annex I-A,Acero
7211197530,Annex I-A,Acero
7211197560,Annex I-A,Acero
7211197590,Annex I-A,Acero
7211231500,Annex I-A,Acero
7211232000,Annex I-A,Acero
7211233000,Annex I-A,Acero
7211234500,Annex I-A,Acero
7211236030,Annex I-A,Acero
7211236060,Annex I-A,Acero
7211236090,Annex I-A,Acero
7211292030,Annex I-A,Acero
7211292090,Annex I-A,Acero
7211294500,Annex I-A,Acero
7211296030,Annex I-A,Acero
7211296080,Annex I-A,Acero
7211900000,Annex I-A,Acero
7212100000,Annex I-A,Acero
7212200000,Annex I-A,Acero
7212301030,Annex I-A,Acero
7212301090,Annex I-A,Acero
7212303000,Annex I-A,Acero
7212305000,Annex I-A,Acero
7212401000,Annex I-A,Acero
7212405000,Annex I-A,Acero
7212500000,Annex I-A,Acero
7212600000,Annex I-A,Acero
7213100000,Annex I-A,Acero
7213200010,Annex I-A,Acero
7213200080,Annex I-A,Acero
7213913011,Annex I-A,Acero
7213913015,Annex I-A,Acero
7213913020,Annex I-A,Acero
7213913093,Annex I-A,Acero
7213914500,Annex I-A,Acero
7213916000,Annex I-A,Acero
7213990030,Annex I-A,Acero
7213990060,Annex I-A,Acero
7213990090,Annex I-A,Acero
7214100000,Annex I-A,Acero
7214200000,Annex I-A,Acero
7214300010,Annex I-A,Acero
7214300080,Annex I-A,Acero
7214910016,Annex I-A,Acero
7214910020,Annex I-A,Acero
7214910060,Annex I-A,Acero
7214910090,Annex I-A,Acero
7214990016,Annex I-A,Acero
7214990021,Annex I-A,Acero
7214990026,Annex I-A,Acero
7214990031,Annex I-A,Acero
7214990036,Annex I-A,Acero
7214990040,Annex I-A,Acero
7214990045,Annex I-A,Acero
7214990060,Annex I-A,Acero
7214990075,Annex I-A,Acero
7214990090,Annex I-A,Acero
7215100010,Annex I-A,Acero
7215100080,Annex I-A,Acero
7215500016,Annex I-A,Acero
7215500018,Annex I-A,Acero
7215500020,Annex I-A,Acero
7215500061,Annex I-A,Acero
7215500063,Annex I-A,Acero
7215500065,Annex I-A,Acero
7215500090,Annex I-A,Acero
7215901000,Annex I-A,Acero
7215903000,Annex I-A,Acero
7215905000,Annex I-A,Acero
7216100010,Annex I-A,Acero
7216100050,Annex I-A,Acero
7216210000,Annex I-A,Acero
7216220000,Annex I-A,Acero
7216310000,Annex I-A,Acero
7216320000,Annex I-A,Acero
7216330030,Annex I-A,Acero
7216330060,Annex I-A,Acero
7216330090,Annex I-A,Acero
7216400010,Annex I-A,Acero
7216400050,Annex I-A,Acero
7216500000,Annex I-A,Acero
7216990010,Annex I-A,Acero
7216990090,Annex I-A,Acero
7217101000,Annex I-A,Acero
7217102000,Annex I-A,Acero
7217103000,Annex I-A,Acero
7217104040,Annex I-A,Acero
7217104045,Annex I-A,Acero
7217104090,Annex I-A,Acero
7217105030,Annex I-A,Acero
7217105090,Annex I-A,Acero
7217106000,Annex I-A,Acero
7217107000,Annex I-A,Acero
7217108010,Annex I-A,Acero
7217108020,Annex I-A,Acero
7217108025,Annex I-A,Acero
7217108030,Annex I-A,Acero
7217108045,Annex I-A,Acero
7217108060,Annex I-A,Acero
7217108075,Annex I-A,Acero
7217108090,Annex I-A,Acero
7217109000,Annex I-A,Acero
7217201500,Annex I-A,Acero
7217203000,Annex I-A,Acero
7217204510,Annex I-A,Acero
7217204520,Annex I-A,Acero
7217204530,Annex I-A,Acero
7217204540,Annex I-A,Acero
7217204550,Annex I-A,Acero
7217204560,Annex I-A,Acero
7217204570,Annex I-A,Acero
7217204580,Annex I-A,Acero
7217206000,Annex I-A,Acero
7217207500,Annex I-A,Acero
7217301530,Annex I-A,Acero
7217301560,Annex I-A,Acero
7217303000,Annex I-A,Acero
7217304504,Annex I-A,Acero
7217304511,Annex I-A,Acero
7217304520,Annex I-A,Acero
7217304530,Annex I-A,Acero
7217304541,Annex I-A,Acero
7217304550,Annex I-A,Acero
7217304560,Annex I-A,Acero
7217304590,Annex I-A,Acero
7217306000,Annex I-A,Acero
7217307500,Annex I-A,Acero
7217901000,Annex I-A,Acero
7217905030,Annex I-A,Acero
7217905060,Annex I-A,Acero
7217905090,Annex I-A,Acero
7218100000,Annex I-A,Acero
7218910015,Annex I-A,Acero
7218910030,Annex I-A,Acero
7218910060,Annex I-A,Acero
7218990015,Annex I-A,Acero
7218990030,Annex I-A,Acero
7218990045,Annex I-A,Acero
7218990060,Annex I-A,Acero
7218990090,Annex I-A,Acero
7219110030,Annex I-A,Acero
7219110060,Annex I-A,Acero
7219120002,Annex I-A,Acero
7219120006,Annex I-A,Acero
7219120021,Annex I-A,Acero
7219120026,Annex I-A,Acero
7219120051,Annex I-A,Acero
7219120056,Annex I-A,Acero
7219120066,Annex I-A,Acero
7219120071,Annex I-A,Acero
7219120081,Annex I-A,Acero
7219130002,Annex I-A,Acero
7219130031,Annex I-A,Acero
7219130051,Annex I-A,Acero
7219130071,Annex I-A,Acero
7219130081,Annex I-A,Acero
7219140030,Annex I-A,Acero
7219140065,Annex I-A,Acero
7219140090,Annex I-A,Acero
7219210005,Annex I-A,Acero
7219210020,Annex I-A,Acero
7219210040,Annex I-A,Acero
7219210060,Annex I-A,Acero
7219220005,Annex I-A,Acero
7219220015,Annex I-A,Acero
7219220020,Annex I-A,Acero
7219220025,Annex I-A,Acero
7219220035,Annex I-A,Acero
7219220040,Annex I-A,Acero
7219220045,Annex I-A,Acero
7219220070,Annex I-A,Acero
7219220075,Annex I-A,Acero
7219220080,Annex I-A,Acero
7219230030,Annex I-A,Acero
7219230060,Annex I-A,Acero
7219240030,Annex I-A,Acero
7219240060,Annex I-A,Acero
7219310010,Annex I-A,Acero
7219310050,Annex I-A,Acero
7219320005,Annex I-A,Acero
7219320020,Annex I-A,Acero
7219320025,Annex I-A,Acero
7219320035,Annex I-A,Acero
7219320036,Annex I-A,Acero
7219320038,Annex I-A,Acero
7219320042,Annex I-A,Acero
7219320044,Annex I-A,Acero
7219320045,Annex I-A,Acero
7219320060,Annex I-A,Acero
7219330005,Annex I-A,Acero
7219330020,Annex I-A,Acero
7219330025,Annex I-A,Acero
7219330035,Annex I-A,Acero
7219330036,Annex I-A,Acero
7219330038,Annex I-A,Acero
7219330042,Annex I-A,Acero
7219330044,Annex I-A,Acero
7219330045,Annex I-A,Acero
7219330070,Annex I-A,Acero
7219330080,Annex I-A,Acero
7219340005,Annex I-A,Acero
7219340020,Annex I-A,Acero
7219340025,Annex I-A,Acero
7219340030,Annex I-A,Acero
7219340035,Annex I-A,Acero
7219340050,Annex I-A,Acero
7219350005,Annex I-A,Acero
7219350015,Annex I-A,Acero
7219350030,Annex I-A,Acero
7219350035,Annex I-A,Acero
7219350050,Annex I-A,Acero
7219900010,Annex I-A,Acero
7219900020,Annex I-A,Acero
7219900025,Annex I-A,Acero
7219900060,Annex I-A,Acero
7219900080,Annex I-A,Acero
7220110000,Annex I-A,Acero
7220121000,Annex I-A,Acero
7220125000,Annex I-A,Acero
7220201010,Annex I-A,Acero
7220201015,Annex I-A,Acero
7220201060,Annex I-A,Acero
7220201080,Annex I-A,Acero
7220206005,Annex I-A,Acero
7220206010,Annex I-A,Acero
7220206015,Annex I-A,Acero
7220206060,Annex I-A,Acero
7220206080,Annex I-A,Acero
7220207005,Annex I-A,Acero
7220207010,Annex I-A,Acero
7220207015,Annex I-A,Acero
7220207060,Annex I-A,Acero
7220207080,Annex I-A,Acero
7220208000,Annex I-A,Acero
7220209030,Annex I-A,Acero
7220209060,Annex I-A,Acero
7220900010,Annex I-A,Acero
7220900015,Annex I-A,Acero
7220900060,Annex I-A,Acero
7220900080,Annex I-A,Acero
7221000005,Annex I-A,Acero
7221000017,Annex I-A,Acero
7221000018,Annex I-A,Acero
7221000030,Annex I-A,Acero
7221000045,Annex I-A,Acero
7221000075,Annex I-A,Acero
7222110001,Annex I-A,Acero
7222110006,Annex I-A,Acero
7222110057,Annex I-A,Acero
7222110059,Annex I-A,Acero
7222110082,Annex I-A,Acero
7222110084,Annex I-A,Acero
7222190001,Annex I-A,Acero
7222190006,Annex I-A,Acero
7222190052,Annex I-A,Acero
7222190054,Annex I-A,Acero
7222200001,Annex I-A,Acero
7222200006,Annex I-A,Acero
7222200041,Annex I-A,Acero
7222200043,Annex I-A,Acero
7222200062,Annex I-A,Acero
7222200064,Annex I-A,Acero
7222200067,Annex I-A,Acero
7222200069,Annex I-A,Acero
7222200071,Annex I-A,Acero
7222200073,Annex I-A,Acero
7222300001,Annex I-A,Acero
7222300012,Annex I-A,Acero
7222300022,Annex I-A,Acero
7222300024,Annex I-A,Acero
7222300082,Annex I-A,Acero
7222300084,Annex I-A,Acero
7222403025,Annex I-A,Acero
7222403045,Annex I-A,Acero
7222403065,Annex I-A,Acero
7222403085,Annex I-A,Acero
7222406000,Annex I-A,Acero
7223001005,Annex I-A,Acero
7223001016,Annex I-A,Acero
7223001031,Annex I-A,Acero
7223001046,Annex I-A,Acero
7223001061,Annex I-A,Acero
7223001076,Annex I-A,Acero
7223005000,Annex I-A,Acero
7223009000,Annex I-A,Acero
7224100005,Annex I-A,Acero
7224100045,Annex I-A,Acero
7224100075,Annex I-A,Acero
7224900005,Annex I-A,Acero
7224900015,Annex I-A,Acero
7224900025,Annex I-A,Acero
7224900035,Annex I-A,Acero
7224900045,Annex I-A,Acero
7224900055,Annex I-A,Acero
7224900065,Annex I-A,Acero
7224900075,Annex I-A,Acero
7225110000,Annex I-A,Acero
7225190000,Annex I-A,Acero
7225301110,Annex I-A,Acero
7225301180,Annex I-A,Acero
7225303005,Annex I-A,Acero
7225303050,Annex I-A,Acero
7225305110,Annex I-A,Acero
7225305180,Annex I-A,Acero
7225307000,Annex I-A,Acero
7225401110,Annex I-A,Acero
7225401180,Annex I-A,Acero
7225403005,Annex I-A,Acero
7225403050,Annex I-A,Acero
7225405110,Annex I-A,Acero
7225405130,Annex I-A,Acero
7225405160,Annex I-A,Acero
7225407000,Annex I-A,Acero
7225501110,Annex I-A,Acero
7225501130,Annex I-A,Acero
7225501160,Annex I-A,Acero
7225506000,Annex I-A,Acero
7225507000,Annex I-A,Acero
7225508010,Annex I-A,Acero
7225508080,Annex I-A,Acero
7225910000,Annex I-A,Acero
7225920000,Annex I-A,Acero
7225990010,Annex I-A,Acero
7225990090,Annex I-A,Acero
7226111000,Annex I-A,Acero
7226119030,Annex I-A,Acero
7226119060,Annex I-A,Acero
7226191000,Annex I-A,Acero
7226199000,Annex I-A,Acero
7226200000,Annex I-A,Acero
7226910500,Annex I-A,Acero
7226911530,Annex I-A,Acero
7226911560,Annex I-A,Acero
7226912530,Annex I-A,Acero
7226912560,Annex I-A,Acero
7226915000,Annex I-A,Acero
7226917000,Annex I-A,Acero
7226918000,Annex I-A,Acero
7226921030,Annex I-A,Acero
7226921060,Annex I-A,Acero
7226923030,Annex I-A,Acero
7226923060,Annex I-A,Acero
7226925000,Annex I-A,Acero
7226927005,Annex I-A,Acero
7226927050,Annex I-A,Acero
7226928005,Annex I-A,Acero
7226928050,Annex I-A,Acero
7226990110,Annex I-A,Acero
7226990130,Annex I-A,Acero
7226990180,Annex I-A,Acero
7227100000,Annex I-A,Acero
7227200030,Annex I-A,Acero
7227200080,Annex I-A,Acero
7227901030,Annex I-A,Acero
7227901060,Annex I-A,Acero
7227902030,Annex I-A,Acero
7227902060,Annex I-A,Acero
7227906005,Annex I-A,Acero
7227906010,Annex I-A,Acero
7227906020,Annex I-A,Acero
7227906030,Annex I-A,Acero
7227906035,Annex I-A,Acero
7227906040,Annex I-A,Acero
7227906090,Annex I-A,Acero
7228100010,Annex I-A,Acero
7228100030,Annex I-A,Acero
7228100060,Annex I-A,Acero
7228201000,Annex I-A,Acero
7228205000,Annex I-A,Acero
7228302000,Annex I-A,Acero
7228304000,Annex I-A,Acero
7228306000,Annex I-A,Acero
7228308005,Annex I-A,Acero
7228308010,Annex I-A,Acero
7228308015,Annex I-A,Acero
7228308041,Annex I-A,Acero
7228308045,Annex I-A,Acero
7228308070,Annex I-A,Acero
7228400000,Annex I-A,Acero
7228501010,Annex I-A,Acero
7228501020,Annex I-A,Acero
7228501040,Annex I-A,Acero
7228501060,Annex I-A,Acero
7228501080,Annex I-A,Acero
7228505005,Annex I-A,Acero
7228505015,Annex I-A,Acero
7228505040,Annex I-A,Acero
7228505070,Annex I-A,Acero
7228601030,Annex I-A,Acero
7228601060,Annex I-A,Acero
7228606000,Annex I-A,Acero
7228608000,Annex I-A,Acero
7228703010,Annex I-A,Acero
7228703020,Annex I-A,Acero
7228703041,Annex I-A,Acero
7228703060,Annex I-A,Acero
7228703081,Annex I-A,Acero
7228706000,Annex I-A,Acero
7228800000,Annex I-A,Acero
7229200010,Annex I-A,Acero
7229200015,Annex I-A,Acero
7229200090,Annex I-A,Acero
7229900500,Annex I-A,Acero
7229901000,Annex I-A,Acero
7229905006,Annex I-A,Acero
7229905008,Annex I-A,Acero
7229905016,Annex I-A,Acero
7229905031,Annex I-A,Acero
7229905051,Annex I-A,Acero
7229909000,Annex I-A,Acero
7301100000,Annex I-A,Acero
7302101010,Annex I-A,Acero
7302101015,Annex I-A,Acero
7302101025,Annex I-A,Acero
7302101035,Annex I-A,Acero
7302101045,Annex I-A,Acero
7302101055,Annex I-A,Acero
7302101065,Annex I-A,Acero
7302101075,Annex I-A,Acero
7302105020,Annex I-A,Acero
7302105040,Annex I-A,Acero
7302105060,Annex I-A,Acero
7302400000,Annex I-A,Acero
7302901000,Annex I-A,Acero
7302909000,Annex I-A,Acero
7304110020,Annex I-A,Acero
7304110050,Annex I-A,Acero
7304110080,Annex I-A,Acero
7304191020,Annex I-A,Acero
7304191030,Annex I-A,Acero
7304191045,Annex I-A,Acero
7304191060,Annex I-A,Acero
7304191080,Annex I-A,Acero
7304195020,Annex I-A,Acero
7304195050,Annex I-A,Acero
7304195080,Annex I-A,Acero
7304220030,Annex I-A,Acero
7304220045,Annex I-A,Acero
7304220060,Annex I-A,Acero
7304233000,Annex I-A,Acero
7304236030,Annex I-A,Acero
7304236045,Annex I-A,Acero
7304236060,Annex I-A,Acero
7304243010,Annex I-A,Acero
7304243020,Annex I-A,Acero
7304243030,Annex I-A,Acero
7304243040,Annex I-A,Acero
7304243045,Annex I-A,Acero
7304243080,Annex I-A,Acero
7304244010,Annex I-A,Acero
7304244020,Annex I-A,Acero
7304244030,Annex I-A,Acero
7304244040,Annex I-A,Acero
7304244050,Annex I-A,Acero
7304244060,Annex I-A,Acero
7304244080,Annex I-A,Acero
7304246015,Annex I-A,Acero
7304246030,Annex I-A,Acero
7304246045,Annex I-A,Acero
7304246060,Annex I-A,Acero
7304246075,Annex I-A,Acero
7304291010,Annex I-A,Acero
7304291020,Annex I-A,Acero
7304291030,Annex I-A,Acero
7304291040,Annex I-A,Acero
7304291050,Annex I-A,Acero
7304291060,Annex I-A,Acero
7304291080,Annex I-A,Acero
7304292010,Annex I-A,Acero
7304292020,Annex I-A,Acero
7304292030,Annex I-A,Acero
7304292040,Annex I-A,Acero
7304292050,Annex I-A,Acero
7304292060,Annex I-A,Acero
7304292080,Annex I-A,Acero
7304293110,Annex I-A,Acero
7304293120,Annex I-A,Acero
7304293130,Annex I-A,Acero
7304293140,Annex I-A,Acero
7304293150,Annex I-A,Acero
7304293160,Annex I-A,Acero
7304293180,Annex I-A,Acero
7304294110,Annex I-A,Acero
7304294120,Annex I-A,Acero
7304294130,Annex I-A,Acero
7304294140,Annex I-A,Acero
7304294150,Annex I-A,Acero
7304294160,Annex I-A,Acero
7304294180,Annex I-A,Acero
7304295015,Annex I-A,Acero
7304295030,Annex I-A,Acero
7304295045,Annex I-A,Acero
7304295060,Annex I-A,Acero
7304295075,Annex I-A,Acero
7304296115,Annex I-A,Acero
7304296130,Annex I-A,Acero
7304296145,Annex I-A,Acero
7304296160,Annex I-A,Acero
7304296175,Annex I-A,Acero
7304313000,Annex I-A,Acero
7304316010,Annex I-A,Acero
7304316050,Annex I-A,Acero
7304390002,Annex I-A,Acero
7304390004,Annex I-A,Acero
7304390006,Annex I-A,Acero
7304390008,Annex I-A,Acero
7304390016,Annex I-A,Acero
7304390020,Annex I-A,Acero
7304390024,Annex I-A,Acero
7304390028,Annex I-A,Acero
7304390032,Annex I-A,Acero
7304390036,Annex I-A,Acero
7304390040,Annex I-A,Acero
7304390044,Annex I-A,Acero
7304390048,Annex I-A,Acero
7304390052,Annex I-A,Acero
7304390056,Annex I-A,Acero
7304390062,Annex I-A,Acero
7304390068,Annex I-A,Acero
7304390072,Annex I-A,Acero
7304390076,Annex I-A,Acero
7304390080,Annex I-A,Acero
7304413005,Annex I-A,Acero
7304413015,Annex I-A,Acero
7304413045,Annex I-A,Acero
7304416005,Annex I-A,Acero
7304416015,Annex I-A,Acero
7304416045,Annex I-A,Acero
7304490005,Annex I-A,Acero
7304490015,Annex I-A,Acero
7304490045,Annex I-A,Acero
7304490060,Annex I-A,Acero
7304511000,Annex I-A,Acero
7304515005,Annex I-A,Acero
7304515015,Annex I-A,Acero
7304515045,Annex I-A,Acero
7304515060,Annex I-A,Acero
7304591000,Annex I-A,Acero
7304592030,Annex I-A,Acero
7304592040,Annex I-A,Acero
7304592045,Annex I-A,Acero
7304592055,Annex I-A,Acero
7304592060,Annex I-A,Acero
7304592070,Annex I-A,Acero
7304592080,Annex I-A,Acero
7304596000,Annex I-A,Acero
7304598010,Annex I-A,Acero
7304598015,Annex I-A,Acero
7304598020,Annex I-A,Acero
7304598025,Annex I-A,Acero
7304598030,Annex I-A,Acero
7304598035,Annex I-A,Acero
7304598040,Annex I-A,Acero
7304598045,Annex I-A,Acero
7304598050,Annex I-A,Acero
7304598055,Annex I-A,Acero
7304598060,Annex I-A,Acero
7304598065,Annex I-A,Acero
7304598070,Annex I-A,Acero
7304598080,Annex I-A,Acero
7304901000,Annex I-A,Acero
7304903000,Annex I-A,Acero
7304905000,Annex I-A,Acero
7304907000,Annex I-A,Acero
7305111030,Annex I-A,Acero
7305111060,Annex I-A,Acero
7305115000,Annex I-A,Acero
7305121030,Annex I-A,Acero
7305121060,Annex I-A,Acero
7305125000,Annex I-A,Acero
7305191030,Annex I-A,Acero
7305191060,Annex I-A,Acero
7305195000,Annex I-A,Acero
7305202000,Annex I-A,Acero
7305204000,Annex I-A,Acero
7305206000,Annex I-A,Acero
7305208000,Annex I-A,Acero
7305312000,Annex I-A,Acero
7305314000,Annex I-A,Acero
7305316010,Annex I-A,Acero
7305316090,Annex I-A,Acero
7305391000,Annex I-A,Acero
7305395000,Annex I-A,Acero
7305901000,Annex I-A,Acero
7305905000,Annex I-A,Acero
7306110010,Annex I-A,Acero
7306110050,Annex I-A,Acero
7306191010,Annex I-A,Acero
7306191050,Annex I-A,Acero
7306195110,Annex I-A,Acero
7306195150,Annex I-A,Acero
7306213000,Annex I-A,Acero
7306214000,Annex I-A,Acero
7306218010,Annex I-A,Acero
7306218050,Annex I-A,Acero
7306291030,Annex I-A,Acero
7306291090,Annex I-A,Acero
7306292000,Annex I-A,Acero
7306293100,Annex I-A,Acero
7306294100,Annex I-A,Acero
7306296010,Annex I-A,Acero
7306296050,Annex I-A,Acero
7306298110,Annex I-A,Acero
7306298150,Annex I-A,Acero
7306301010,Annex I-A,Acero
7306301090,Annex I-A,Acero
7306303000,Annex I-A,Acero
7306305010,Annex I-A,Acero
7306305015,Annex I-A,Acero
7306305020,Annex I-A,Acero
7306305026,Annex I-A,Acero
7306305027,Annex I-A,Acero
7306305028,Annex I-A,Acero
7306305031,Annex I-A,Acero
7306305033,Annex I-A,Acero
7306305035,Annex I-A,Acero
7306305041,Annex I-A,Acero
7306305043,Annex I-A,Acero
7306305056,Annex I-A,Acero
7306305057,Annex I-A,Acero
7306305085,Annex I-A,Acero
7306305090,Annex I-A,Acero
7306401010,Annex I-A,Acero
7306401015,Annex I-A,Acero
7306401090,Annex I-A,Acero
7306405005,Annex I-A,Acero
7306405015,Annex I-A,Acero
7306405040,Annex I-A,Acero
7306405042,Annex I-A,Acero
7306405044,Annex I-A,Acero
7306405062,Annex I-A,Acero
7306405064,Annex I-A,Acero
7306405080,Annex I-A,Acero
7306405085,Annex I-A,Acero
7306405090,Annex I-A,Acero
7306501000,Annex I-A,Acero
7306503000,Annex I-A,Acero
7306505010,Annex I-A,Acero
7306505030,Annex I-A,Acero
7306505050,Annex I-A,Acero
7306505070,Annex I-A,Acero
7306611000,Annex I-A,Acero
7306613000,Annex I-A,Acero
7306615000,Annex I-A,Acero
7306617030,Annex I-A,Acero
7306617060,Annex I-A,Acero
7306691000,Annex I-A,Acero
7306693000,Annex I-A,Acero
7306695000,Annex I-A,Acero
7306697030,Annex I-A,Acero
7306697060,Annex I-A,Acero
7306901000,Annex I-A,Acero
7306905000,Annex I-A,Acero
7216910010,Annex I-A,Derivados acero
7301201000,Annex I-A,Derivados acero
7301205000,Annex I-A,Derivados acero
7302300000,Annex I-A,Derivados acero
7307193040,Annex I-A,Derivados acero
7307193060,Annex I-A,Derivados acero
7307193070,Annex I-A,Derivados acero
7307193085,Annex I-A,Derivados acero
7307199030,Annex I-A,Derivados acero
7307199040,Annex I-A,Derivados acero
7307199060,Annex I-A,Derivados acero
7307199080,Annex I-A,Derivados acero
7307211000,Annex I-A,Derivados acero
7307215000,Annex I-A,Derivados acero
7307221000,Annex I-A,Derivados acero
7307225000,Annex I-A,Derivados acero
7307230030,Annex I-A,Derivados acero
7307230090,Annex I-A,Derivados acero
7307290030,Annex I-A,Derivados acero
7307290090,Annex I-A,Derivados acero
7307911000,Annex I-A,Derivados acero
7307913000,Annex I-A,Derivados acero
7307915010,Annex I-A,Derivados acero
7307915030,Annex I-A,Derivados acero
7307915050,Annex I-A,Derivados acero
7307915070,Annex I-A,Derivados acero
7307923010,Annex I-A,Derivados acero
7307923030,Annex I-A,Derivados acero
7307929000,Annex I-A,Derivados acero
7307933010,Annex I-A,Derivados acero
7307933040,Annex I-A,Derivados acero
7307936000,Annex I-A,Derivados acero
7307939010,Annex I-A,Derivados acero
7307939040,Annex I-A,Derivados acero
7307939060,Annex I-A,Derivados acero
7307991000,Annex I-A,Derivados acero
7307993000,Annex I-A,Derivados acero
7307995015,Annex I-A,Derivados acero
7307995045,Annex I-A,Derivados acero
7307995060,Annex I-A,Derivados acero
7308100000,Annex I-A,Derivados acero
7308200030,Annex I-A,Derivados acero
7308200090,Annex I-A,Derivados acero
7308301000,Annex I-A,Derivados acero
7308305015,Annex I-A,Derivados acero
7308305025,Annex I-A,Derivados acero
7308305050,Annex I-A,Derivados acero
7308400000,Annex I-A,Derivados acero
7308903000,Annex I-A,Derivados acero
7308906000,Annex I-A,Derivados acero
7308907000,Annex I-A,Derivados acero
7308909530,Annex I-A,Derivados acero
7308909560,Annex I-A,Derivados acero
7308909590,Annex I-A,Derivados acero
7309000030,Annex I-A,Derivados acero
7309000090,Annex I-A,Derivados acero
7310100005,Annex I-A,Derivados acero
7310100015,Annex I-A,Derivados acero
7310100090,Annex I-A,Derivados acero
7310210025,Annex I-A,Derivados acero
7310210070,Annex I-A,Derivados acero
7310210075,Annex I-A,Derivados acero
7310290020,Annex I-A,Derivados acero
7310290030,Annex I-A,Derivados acero
7310290055,Annex I-A,Derivados acero
7310290065,Annex I-A,Derivados acero
7311000030,Annex I-A,Derivados acero
7311000060,Annex I-A,Derivados acero
7311000090,Annex I-A,Derivados acero
7312100500,Annex I-A,Derivados acero
7312101030,Annex I-A,Derivados acero
7312101050,Annex I-A,Derivados acero
7312101070,Annex I-A,Derivados acero
7312102000,Annex I-A,Derivados acero
7312103005,Annex I-A,Derivados acero
7312103010,Annex I-A,Derivados acero
7312103012,Annex I-A,Derivados acero
7312103020,Annex I-A,Derivados acero
7312103045,Annex I-A,Derivados acero
7312103065,Annex I-A,Derivados acero
7312103070,Annex I-A,Derivados acero
7312103074,Annex I-A,Derivados acero
7312103080,Annex I-A,Derivados acero
7312105000,Annex I-A,Derivados acero
7312106030,Annex I-A,Derivados acero
7312106060,Annex I-A,Derivados acero
7312107000,Annex I-A,Derivados acero
7312108000,Annex I-A,Derivados acero
7312109030,Annex I-A,Derivados acero
7312109060,Annex I-A,Derivados acero
7312109090,Annex I-A,Derivados acero
7312900000,Annex I-A,Derivados acero
7313000000,Annex I-A,Derivados acero
7314121000,Annex I-A,Derivados acero
7314122000,Annex I-A,Derivados acero
7314123000,Annex I-A,Derivados acero
7314126000,Annex I-A,Derivados acero
7314129000,Annex I-A,Derivados acero
7314141000,Annex I-A,Derivados acero
7314142000,Annex I-A,Derivados acero
7314143000,Annex I-A,Derivados acero
7314146000,Annex I-A,Derivados acero
7314149000,Annex I-A,Derivados acero
7314190100,Annex I-A,Derivados acero
7314200000,Annex I-A,Derivados acero
7314311000,Annex I-A,Derivados acero
7314315010,Annex I-A,Derivados acero
7314315080,Annex I-A,Derivados acero
7314390000,Annex I-A,Derivados acero
7314410030,Annex I-A,Derivados acero
7314410040,Annex I-A,Derivados acero
7314410045,Annex I-A,Derivados acero
7314410080,Annex I-A,Derivados acero
7314420030,Annex I-A,Derivados acero
7314420060,Annex I-A,Derivados acero
7314493000,Annex I-A,Derivados acero
7314496000,Annex I-A,Derivados acero
7314500000,Annex I-A,Derivados acero
7315110005,Annex I-A,Derivados acero
7315110010,Annex I-A,Derivados acero
7315110045,Annex I-A,Derivados acero
7315110060,Annex I-A,Derivados acero
7315120020,Annex I-A,Derivados acero
7315120040,Annex I-A,Derivados acero
7315120060,Annex I-A,Derivados acero
7315120080,Annex I-A,Derivados acero
7315190000,Annex I-A,Derivados acero
7315201000,Annex I-A,Derivados acero
7315205000,Annex I-A,Derivados acero
7315810000,Annex I-A,Derivados acero
7315821000,Annex I-A,Derivados acero
7315823000,Annex I-A,Derivados acero
7315825000,Annex I-A,Derivados acero
7315827000,Annex I-A,Derivados acero
7315891000,Annex I-A,Derivados acero
7315893000,Annex I-A,Derivados acero
7315895000,Annex I-A,Derivados acero
7315900000,Annex I-A,Derivados acero
7316000000,Annex I-A,Derivados acero
7317001000,Annex I-A,Derivados acero
7317002000,Annex I-A,Derivados acero
7317003000,Annex I-A,Derivados acero
7317005501,Annex I-A,Derivados acero
7317005502,Annex I-A,Derivados acero
7317005503,Annex I-A,Derivados acero
7317005505,Annex I-A,Derivados acero
7317005507,Annex I-A,Derivados acero
7317005508,Annex I-A,Derivados acero
7317005511,Annex I-A,Derivados acero
7317005518,Annex I-A,Derivados acero
7317005519,Annex I-A,Derivados acero
7317005520,Annex I-A,Derivados acero
7317005530,Annex I-A,Derivados acero
7317005540,Annex I-A,Derivados acero
7317005550,Annex I-A,Derivados acero
7317005560,Annex I-A,Derivados acero
7317005570,Annex I-A,Derivados acero
7317005580,Annex I-A,Derivados acero
7317005590,Annex I-A,Derivados acero
7317006530,Annex I-A,Derivados acero
7317006560,Annex I-A,Derivados acero
7317007500,Annex I-A,Derivados acero
7318110000,Annex I-A,Derivados acero
7318120000,Annex I-A,Derivados acero
7318130030,Annex I-A,Derivados acero
7318130060,Annex I-A,Derivados acero
7318141030,Annex I-A,Derivados acero
7318141060,Annex I-A,Derivados acero
7318145020,Annex I-A,Derivados acero
7318145080,Annex I-A,Derivados acero
7318152010,Annex I-A,Derivados acero
7318152020,Annex I-A,Derivados acero
7318152030,Annex I-A,Derivados acero
7318152041,Annex I-A,Derivados acero
7318152046,Annex I-A,Derivados acero
7318152051,Annex I-A,Derivados acero
7318152055,Annex I-A,Derivados acero
7318152061,Annex I-A,Derivados acero
7318152065,Annex I-A,Derivados acero
7318152091,Annex I-A,Derivados acero
7318152095,Annex I-A,Derivados acero
7318154000,Annex I-A,Derivados acero
7318155030,Annex I-A,Derivados acero
7318155051,Annex I-A,Derivados acero
7318155056,Annex I-A,Derivados acero
7318155090,Annex I-A,Derivados acero
7318156010,Annex I-A,Derivados acero
7318156040,Annex I-A,Derivados acero
7318156070,Annex I-A,Derivados acero
7318156080,Annex I-A,Derivados acero
7318158020,Annex I-A,Derivados acero
7318158030,Annex I-A,Derivados acero
7318158045,Annex I-A,Derivados acero
7318158055,Annex I-A,Derivados acero
7318158066,Annex I-A,Derivados acero
7318158069,Annex I-A,Derivados acero
7318158082,Annex I-A,Derivados acero
7318158085,Annex I-A,Derivados acero
7318160015,Annex I-A,Derivados acero
7318160030,Annex I-A,Derivados acero
7318160045,Annex I-A,Derivados acero
7318160060,Annex I-A,Derivados acero
7318160085,Annex I-A,Derivados acero
7318190000,Annex I-A,Derivados acero
7318210030,Annex I-A,Derivados acero
7318210090,Annex I-A,Derivados acero
7318220000,Annex I-A,Derivados acero
7318230000,Annex I-A,Derivados acero
7318240000,Annex I-A,Derivados acero
7318290000,Annex I-A,Derivados acero
7319402010,Annex I-A,Derivados acero
7319402050,Annex I-A,Derivados acero
7319403000,Annex I-A,Derivados acero
7319405010,Annex I-A,Derivados acero
7319405050,Annex I-A,Derivados acero
7319901000,Annex I-A,Derivados acero
7319909000,Annex I-A,Derivados acero
7320103000,Annex I-A,Derivados acero
7320106015,Annex I-A,Derivados acero
7320106060,Annex I-A,Derivados acero
7320109015,Annex I-A,Derivados acero
7320109060,Annex I-A,Derivados acero
7320201000,Annex I-A,Derivados acero
7320205010,Annex I-A,Derivados acero
7320205020,Annex I-A,Derivados acero
7320205045,Annex I-A,Derivados acero
7320205060,Annex I-A,Derivados acero
7320901000,Annex I-A,Derivados acero
7320905010,Annex I-A,Derivados acero
7320905020,Annex I-A,Derivados acero
7320905060,Annex I-A,Derivados acero
7325910000,Annex I-A,Derivados acero
7325100010,Annex I-A,Derivados acero
7325100020,Annex I-A,Derivados acero
7325100025,Annex I-A,Derivados acero
7325100030,Annex I-A,Derivados acero
7325100080,Annex I-A,Derivados acero
7325991000,Annex I-A,Derivados acero
7325995000,Annex I-A,Derivados acero
7326110000,Annex I-A,Derivados acero
7326190010,Annex I-A,Derivados acero
7326190080,Annex I-A,Derivados acero
7326200090,Annex I-A,Derivados acero
7326901000,Annex I-A,Derivados acero
7326902500,Annex I-A,Derivados acero
7326906000,Annex I-A,Derivados acero
7326908605,Annex I-A,Derivados acero
7326908610,Annex I-A,Derivados acero
7326908630,Annex I-A,Derivados acero
7326908635,Annex I-A,Derivados acero
7326908645,Annex I-A,Derivados acero
7326908688,Annex I-A,Derivados acero
7614101000,Annex I-A,Derivados acero
7601103000,Annex I-A,Aluminio
7601106040,Annex I-A,Aluminio
7601106045,Annex I-A,Aluminio
7601106090,Annex I-A,Aluminio
7601203000,Annex I-A,Aluminio
7601206000,Annex I-A,Aluminio
7601209030,Annex I-A,Aluminio
7601209045,Annex I-A,Aluminio
7601209060,Annex I-A,Aluminio
7601209075,Annex I-A,Aluminio
7601209080,Annex I-A,Aluminio
7601209085,Annex I-A,Aluminio
7601209095,Annex I-A,Aluminio
7604101000,Annex I-A,Aluminio
7604103000,Annex I-A,Aluminio
7604105000,Annex I-A,Aluminio
7604210010,Annex I-A,Aluminio
7604210090,Annex I-A,Aluminio
7604291010,Annex I-A,Aluminio
7604291090,Annex I-A,Aluminio
7604293030,Annex I-A,Aluminio
7604293060,Annex I-A,Aluminio
7604293090,Annex I-A,Aluminio
7604295020,Annex I-A,Aluminio
7604295050,Annex I-A,Aluminio
7604295090,Annex I-A,Aluminio
7605110000,Annex I-A,Aluminio
7605190000,Annex I-A,Aluminio
7605210000,Annex I-A,Aluminio
7605290000,Annex I-A,Aluminio
7606113030,Annex I-A,Aluminio
7606113060,Annex I-A,Aluminio
7606116000,Annex I-A,Aluminio
7606123015,Annex I-A,Aluminio
7606123025,Annex I-A,Aluminio
7606123035,Annex I-A,Aluminio
7606123045,Annex I-A,Aluminio
7606123055,Annex I-A,Aluminio
7606123091,Annex I-A,Aluminio
7606123096,Annex I-A,Aluminio
7606126000,Annex I-A,Aluminio
7606913055,Annex I-A,Aluminio
7606913095,Annex I-A,Aluminio
7606916055,Annex I-A,Aluminio
7606916095,Annex I-A,Aluminio
7606923025,Annex I-A,Aluminio
7606923035,Annex I-A,Aluminio
7606926055,Annex I-A,Aluminio
7606926095,Annex I-A,Aluminio
7607113000,Annex I-A,Aluminio
7607116010,Annex I-A,Aluminio
7607116090,Annex I-A,Aluminio
7607119030,Annex I-A,Aluminio
7607119060,Annex I-A,Aluminio
7607119090,Annex I-A,Aluminio
7607191000,Annex I-A,Aluminio
7607193000,Annex I-A,Aluminio
7607196000,Annex I-A,Aluminio
7607201000,Annex I-A,Aluminio
7607205000,Annex I-A,Aluminio
7608100030,Annex I-A,Aluminio
7608100090,Annex I-A,Aluminio
7608200030,Annex I-A,Aluminio
7608200090,Annex I-A,Aluminio
7609000000,Annex I-A,Aluminio
7616995160,Annex I-A,Aluminio
7616995170,Annex I-A,Aluminio
7308200035,Annex I-A,Derivados aluminio
7610100010,Annex I-A,Derivados aluminio
7610100020,Annex I-A,Derivados aluminio
7610100030,Annex I-A,Derivados aluminio
7610900020,Annex I-A,Derivados aluminio
7610900040,Annex I-A,Derivados aluminio
7610900060,Annex I-A,Derivados aluminio
7610900080,Annex I-A,Derivados aluminio
7612100000,Annex I-A,Derivados aluminio
7612901040,Annex I-A,Derivados aluminio
7612901045,Annex I-A,Derivados aluminio
7612901060,Annex I-A,Derivados aluminio
7612901090,Annex I-A,Derivados aluminio
7612905000,Annex I-A,Derivados aluminio
7613000000,Annex I-A,Derivados aluminio
7614101000,Annex I-A,Derivados aluminio
7614105000,Annex I-A,Derivados aluminio
7614902030,Annex I-A,Derivados aluminio
7614902060,Annex I-A,Derivados aluminio
7614904000,Annex I-A,Derivados aluminio
7614905000,Annex I-A,Derivados aluminio
7616109090,Annex I-A,Derivados aluminio
7616995120,Annex I-A,Derivados aluminio
7616995150,Annex I-A,Derivados aluminio
7616995175,Annex I-A,Derivados aluminio
7616995190,Annex I-A,Derivados aluminio
7406100000,Annex I-A,Articulos cobre
7406200000,Annex I-A,Articulos cobre
7407101500,Annex I-A,Articulos cobre
7407103000,Annex I-A,Articulos cobre
7407105010,Annex I-A,Articulos cobre
7407105050,Annex I-A,Articulos cobre
7407211500,Annex I-A,Articulos cobre
7407213000,Annex I-A,Articulos cobre
7407215000,Annex I-A,Articulos cobre
7407217000,Annex I-A,Articulos cobre
7407219000,Annex I-A,Articulos cobre
7407291610,Annex I-A,Articulos cobre
7407291680,Annex I-A,Articulos cobre
7407293400,Annex I-A,Articulos cobre
7407293800,Annex I-A,Articulos cobre
7407294000,Annex I-A,Articulos cobre
7407295000,Annex I-A,Articulos cobre
7408113000,Annex I-A,Articulos cobre
7408116000,Annex I-A,Articulos cobre
7408190030,Annex I-A,Articulos cobre
7408190060,Annex I-A,Articulos cobre
7408210000,Annex I-A,Articulos cobre
7408221000,Annex I-A,Articulos cobre
7408225000,Annex I-A,Articulos cobre
7408291000,Annex I-A,Articulos cobre
7408295000,Annex I-A,Articulos cobre
7409111000,Annex I-A,Articulos cobre
7409115010,Annex I-A,Articulos cobre
7409115050,Annex I-A,Articulos cobre
7409191000,Annex I-A,Articulos cobre
7409195000,Annex I-A,Articulos cobre
7409199000,Annex I-A,Articulos cobre
7409210010,Annex I-A,Articulos cobre
7409210050,Annex I-A,Articulos cobre
7409210075,Annex I-A,Articulos cobre
7409210090,Annex I-A,Articulos cobre
7409290010,Annex I-A,Articulos cobre
7409290050,Annex I-A,Articulos cobre
7409290075,Annex I-A,Articulos cobre
7409290090,Annex I-A,Articulos cobre
7409311000,Annex I-A,Articulos cobre
7409315000,Annex I-A,Articulos cobre
7409319000,Annex I-A,Articulos cobre
7409391030,Annex I-A,Articulos cobre
7409391060,Annex I-A,Articulos cobre
7409395000,Annex I-A,Articulos cobre
7409399030,Annex I-A,Articulos cobre
7409399060,Annex I-A,Articulos cobre
7409400000,Annex I-A,Articulos cobre
7409901030,Annex I-A,Articulos cobre
7409901060,Annex I-A,Articulos cobre
7409905030,Annex I-A,Articulos cobre
7409905060,Annex I-A,Articulos cobre
7409909030,Annex I-A,Articulos cobre
7409909060,Annex I-A,Articulos cobre
7410110000,Annex I-A,Articulos cobre
7410120030,Annex I-A,Articulos cobre
7410120060,Annex I-A,Articulos cobre
7410213020,Annex I-A,Articulos cobre
7410213040,Annex I-A,Articulos cobre
7410213060,Annex I-A,Articulos cobre
7410216000,Annex I-A,Articulos cobre
7410220000,Annex I-A,Articulos cobre
7411101030,Annex I-A,Articulos cobre
7411101090,Annex I-A,Articulos cobre
7411105000,Annex I-A,Articulos cobre
7411211000,Annex I-A,Articulos cobre
7411215000,Annex I-A,Articulos cobre
7411220000,Annex I-A,Articulos cobre
7411291000,Annex I-A,Articulos cobre
7411295000,Annex I-A,Articulos cobre
7412100000,Annex I-A,Articulos cobre
7412200015,Annex I-A,Articulos cobre
7412200025,Annex I-A,Articulos cobre
7412200035,Annex I-A,Articulos cobre
7412200045,Annex I-A,Articulos cobre
7412200065,Annex I-A,Articulos cobre
7412200085,Annex I-A,Articulos cobre
7412200090,Annex I-A,Articulos cobre
7413001000,Annex I-A,Articulos cobre
7413005000,Annex I-A,Articulos cobre
7413009000,Annex I-A,Articulos cobre
7415100000,Annex I-A,Articulos cobre
7415210000,Annex I-A,Articulos cobre
7415290000,Annex I-A,Articulos cobre
7415330500,Annex I-A,Articulos cobre
7415331000,Annex I-A,Articulos cobre
7415338010,Annex I-A,Articulos cobre
7415338050,Annex I-A,Articulos cobre
7415390000,Annex I-A,Articulos cobre
7418100002,Annex I-A,Articulos cobre
7418100004,Annex I-A,Articulos cobre
7418100019,Annex I-A,Articulos cobre
7418100021,Annex I-A,Articulos cobre
7418100023,Annex I-A,Articulos cobre
7418100025,Annex I-A,Articulos cobre
7418100051,Annex I-A,Articulos cobre
7418100053,Annex I-A,Articulos cobre
7418100055,Annex I-A,Articulos cobre
7418201000,Annex I-A,Articulos cobre
7418205000,Annex I-A,Articulos cobre
7419200010,Annex I-A,Articulos cobre
7419200050,Annex I-A,Articulos cobre
7419800300,Annex I-A,Articulos cobre
7419800660,Annex I-A,Articulos cobre
7419800680,Annex I-A,Articulos cobre
7419800900,Annex I-A,Articulos cobre
7419801500,Annex I-A,Articulos cobre
7419801600,Annex I-A,Articulos cobre
7419801700,Annex I-A,Articulos cobre
7419803000,Annex I-A,Articulos cobre
7419805010,Annex I-A,Articulos cobre
7419805050,Annex I-A,Articulos cobre
7321111030,Annex I-B,Derivados acero
7321111060,Annex I-B,Derivados acero
7321113010,Annex I-B,Derivados acero
7321113020,Annex I-B,Derivados acero
7321113050,Annex I-B,Derivados acero
7321116000,Annex I-B,Derivados acero
7321120000,Annex I-B,Derivados acero
7321190020,Annex I-B,Derivados acero
7321190040,Annex I-B,Derivados acero
7321190060,Annex I-B,Derivados acero
7321190080,Annex I-B,Derivados acero
7321811000,Annex I-B,Derivados acero
7321815000,Annex I-B,Derivados acero
7321821000,Annex I-B,Derivados acero
7321825000,Annex I-B,Derivados acero
7321890010,Annex I-B,Derivados acero
7321890050,Annex I-B,Derivados acero
7321901000,Annex I-B,Derivados acero
7321902000,Annex I-B,Derivados acero
7321904000,Annex I-B,Derivados acero
7321905000,Annex I-B,Derivados acero
7321906040,Annex I-B,Derivados acero
7321906060,Annex I-B,Derivados acero
7321906090,Annex I-B,Derivados acero
7322190000,Annex I-B,Derivados acero
7322900015,Annex I-B,Derivados acero
7322900030,Annex I-B,Derivados acero
7322900045,Annex I-B,Derivados acero
7323100000,Annex I-B,Derivados acero
7323930015,Annex I-B,Derivados acero
7323930035,Annex I-B,Derivados acero
7323930045,Annex I-B,Derivados acero
7323930060,Annex I-B,Derivados acero
7323930080,Annex I-B,Derivados acero
7323940010,Annex I-B,Derivados acero
7323940021,Annex I-B,Derivados acero
7323940026,Annex I-B,Derivados acero
7323940030,Annex I-B,Derivados acero
7323940040,Annex I-B,Derivados acero
7323940080,Annex I-B,Derivados acero
7323991000,Annex I-B,Derivados acero
7323993000,Annex I-B,Derivados acero
7323995030,Annex I-B,Derivados acero
7323995060,Annex I-B,Derivados acero
7323997000,Annex I-B,Derivados acero
7323999030,Annex I-B,Derivados acero
7323999040,Annex I-B,Derivados acero
7323999080,Annex I-B,Derivados acero
7324100010,Annex I-B,Derivados acero
7324100050,Annex I-B,Derivados acero
7324290000,Annex I-B,Derivados acero
7324900000,Annex I-B,Derivados acero
7325100035,Annex I-B,Derivados acero
7326200010,Annex I-B,Derivados acero
7326200020,Annex I-B,Derivados acero
7326200030,Annex I-B,Derivados acero
7326200040,Annex I-B,Derivados acero
7326200055,Annex I-B,Derivados acero
7326903500,Annex I-B,Derivados acero
7326904500,Annex I-B,Derivados acero
7326908660,Annex I-B,Derivados acero
7326908675,Annex I-B,Derivados acero
7326908676,Annex I-B,Derivados acero
7326908677,Annex I-B,Derivados acero
8202390040,Annex I-B,Derivados acero
8203406000,Annex I-B,Derivados acero
8205595505,Annex I-B,Derivados acero
8205595510,Annex I-B,Derivados acero
8205595560,Annex I-B,Derivados acero
8205700030,Annex I-B,Derivados acero
8205700060,Annex I-B,Derivados acero
8205700090,Annex I-B,Derivados acero
8211100000,Annex I-B,Derivados acero
8211911000,Annex I-B,Derivados acero
8211912000,Annex I-B,Derivados acero
8211912500,Annex I-B,Derivados acero
8211913000,Annex I-B,Derivados acero
8211914000,Annex I-B,Derivados acero
8211915030,Annex I-B,Derivados acero
8211915060,Annex I-B,Derivados acero
8211918030,Annex I-B,Derivados acero
8211918060,Annex I-B,Derivados acero
8211922000,Annex I-B,Derivados acero
8211924050,Annex I-B,Derivados acero
8211924060,Annex I-B,Derivados acero
8211926000,Annex I-B,Derivados acero
8211929030,Annex I-B,Derivados acero
8211929045,Annex I-B,Derivados acero
8211929060,Annex I-B,Derivados acero
8211930031,Annex I-B,Derivados acero
8211930035,Annex I-B,Derivados acero
8211930060,Annex I-B,Derivados acero
8211941000,Annex I-B,Derivados acero
8211945000,Annex I-B,Derivados acero
8211951000,Annex I-B,Derivados acero
8211955000,Annex I-B,Derivados acero
8211959000,Annex I-B,Derivados acero
8215100000,Annex I-B,Derivados acero
8215200000,Annex I-B,Derivados acero
8215913000,Annex I-B,Derivados acero
8215916000,Annex I-B,Derivados acero
8215919000,Annex I-B,Derivados acero
8215990100,Annex I-B,Derivados acero
8215990500,Annex I-B,Derivados acero
8215991000,Annex I-B,Derivados acero
8215991500,Annex I-B,Derivados acero
8215992000,Annex I-B,Derivados acero
8215992200,Annex I-B,Derivados acero
8215992400,Annex I-B,Derivados acero
8215992600,Annex I-B,Derivados acero
8215993000,Annex I-B,Derivados acero
8215993500,Annex I-B,Derivados acero
8215994030,Annex I-B,Derivados acero
8215994060,Annex I-B,Derivados acero
8215994500,Annex I-B,Derivados acero
8215995000,Annex I-B,Derivados acero
8302106030,Annex I-B,Derivados acero
8302106060,Annex I-B,Derivados acero
8302106090,Annex I-B,Derivados acero
8302413000,Annex I-B,Derivados acero
8302423010,Annex I-B,Derivados acero
8302423015,Annex I-B,Derivados acero
8302423065,Annex I-B,Derivados acero
8302496035,Annex I-B,Derivados acero
8302496045,Annex I-B,Derivados acero
8302496055,Annex I-B,Derivados acero
8302496085,Annex I-B,Derivados acero
8305200000,Annex I-B,Derivados acero
8307106000,Annex I-B,Derivados acero
8309900080,Annex I-B,Derivados acero
8403100000,Annex I-B,Derivados acero
8406904000,Annex I-B,Derivados acero
8407901010,Annex I-B,Derivados acero
8407901020,Annex I-B,Derivados acero
8407901060,Annex I-B,Derivados acero
8407901080,Annex I-B,Derivados acero
8407909010,Annex I-B,Derivados acero
8407909020,Annex I-B,Derivados acero
8407909040,Annex I-B,Derivados acero
8407909060,Annex I-B,Derivados acero
8407909080,Annex I-B,Derivados acero
8410900000,Annex I-B,Derivados acero
8411818010,Annex I-B,Derivados acero
8411818090,Annex I-B,Derivados acero
8412210015,Annex I-B,Derivados acero
8412210030,Annex I-B,Derivados acero
8412210045,Annex I-B,Derivados acero
8412210060,Annex I-B,Derivados acero
8412210075,Annex I-B,Derivados acero
8412298015,Annex I-B,Derivados acero
8412298030,Annex I-B,Derivados acero
8412298045,Annex I-B,Derivados acero
8412298060,Annex I-B,Derivados acero
8412298075,Annex I-B,Derivados acero
8412909070,Annex I-B,Derivados acero
8412909075,Annex I-B,Derivados acero
8413810020,Annex I-B,Derivados acero
8413810030,Annex I-B,Derivados acero
8413810040,Annex I-B,Derivados acero
8413919055,Annex I-B,Derivados acero
8413919060,Annex I-B,Derivados acero
8413919096,Annex I-B,Derivados acero
8414304000,Annex I-B,Derivados acero
8414801605,Annex I-B,Derivados acero
8414801615,Annex I-B,Derivados acero
8414801625,Annex I-B,Derivados acero
8414801635,Annex I-B,Derivados acero
8414801640,Annex I-B,Derivados acero
8414801645,Annex I-B,Derivados acero
8414801655,Annex I-B,Derivados acero
8414801660,Annex I-B,Derivados acero
8414801665,Annex I-B,Derivados acero
8414801670,Annex I-B,Derivados acero
8414801675,Annex I-B,Derivados acero
8414801680,Annex I-B,Derivados acero
8414801685,Annex I-B,Derivados acero
8414801690,Annex I-B,Derivados acero
8414903000,Annex I-B,Derivados acero
8414904120,Annex I-B,Derivados acero
8414904140,Annex I-B,Derivados acero
8414904145,Annex I-B,Derivados acero
8414904155,Annex I-B,Derivados acero
8414904165,Annex I-B,Derivados acero
8414904180,Annex I-B,Derivados acero
8414904190,Annex I-B,Derivados acero
8415103040,Annex I-B,Derivados acero
8415103060,Annex I-B,Derivados acero
8415103080,Annex I-B,Derivados acero
8415106000,Annex I-B,Derivados acero
8415109000,Annex I-B,Derivados acero
8415810110,Annex I-B,Derivados acero
8415810120,Annex I-B,Derivados acero
8415810130,Annex I-B,Derivados acero
8415820105,Annex I-B,Derivados acero
8415820110,Annex I-B,Derivados acero
8415820115,Annex I-B,Derivados acero
8415820120,Annex I-B,Derivados acero
8415820130,Annex I-B,Derivados acero
8415820135,Annex I-B,Derivados acero
8415820140,Annex I-B,Derivados acero
8415820155,Annex I-B,Derivados acero
8415820160,Annex I-B,Derivados acero
8415820170,Annex I-B,Derivados acero
8415830050,Annex I-B,Derivados acero
8415830060,Annex I-B,Derivados acero
8415830070,Annex I-B,Derivados acero
8415830090,Annex I-B,Derivados acero
8415904000,Annex I-B,Derivados acero
8415908050,Annex I-B,Derivados acero
8415908070,Annex I-B,Derivados acero
8418100010,Annex I-B,Derivados acero
8418100020,Annex I-B,Derivados acero
8418100030,Annex I-B,Derivados acero
8418100045,Annex I-B,Derivados acero
8418100055,Annex I-B,Derivados acero
8418100065,Annex I-B,Derivados acero
8418100080,Annex I-B,Derivados acero
8418100085,Annex I-B,Derivados acero
8418100090,Annex I-B,Derivados acero
8418210010,Annex I-B,Derivados acero
8418210020,Annex I-B,Derivados acero
8418210030,Annex I-B,Derivados acero
8418210090,Annex I-B,Derivados acero
8418292000,Annex I-B,Derivados acero
8418300000,Annex I-B,Derivados acero
8418400000,Annex I-B,Derivados acero
8418994000,Annex I-B,Derivados acero
8419815040,Annex I-B,Derivados acero
8419815080,Annex I-B,Derivados acero
8422110000,Annex I-B,Derivados acero
8425420000,Annex I-B,Derivados acero
8426200000,Annex I-B,Derivados acero
8426490010,Annex I-B,Derivados acero
8426490090,Annex I-B,Derivados acero
8426990000,Annex I-B,Derivados acero
8427104000,Annex I-B,Derivados acero
8427108020,Annex I-B,Derivados acero
8427108030,Annex I-B,Derivados acero
8427108040,Annex I-B,Derivados acero
8427108050,Annex I-B,Derivados acero
8427108070,Annex I-B,Derivados acero
8427108095,Annex I-B,Derivados acero
8427204000,Annex I-B,Derivados acero
8427208020,Annex I-B,Derivados acero
8427208090,Annex I-B,Derivados acero
8427900020,Annex I-B,Derivados acero
8427900090,Annex I-B,Derivados acero
8429110010,Annex I-B,Derivados acero
8429110090,Annex I-B,Derivados acero
8429190010,Annex I-B,Derivados acero
8429190090,Annex I-B,Derivados acero
8429200000,Annex I-B,Derivados acero
8429300020,Annex I-B,Derivados acero
8429300040,Annex I-B,Derivados acero
8429300060,Annex I-B,Derivados acero
8429400020,Annex I-B,Derivados acero
8429400040,Annex I-B,Derivados acero
8429400060,Annex I-B,Derivados acero
8429511005,Annex I-B,Derivados acero
8429511015,Annex I-B,Derivados acero
8429511025,Annex I-B,Derivados acero
8429511030,Annex I-B,Derivados acero
8429511035,Annex I-B,Derivados acero
8429511040,Annex I-B,Derivados acero
8429511045,Annex I-B,Derivados acero
8429511050,Annex I-B,Derivados acero
8429511055,Annex I-B,Derivados acero
8429511060,Annex I-B,Derivados acero
8429511065,Annex I-B,Derivados acero
8429515010,Annex I-B,Derivados acero
8429515020,Annex I-B,Derivados acero
8429515030,Annex I-B,Derivados acero
8429515040,Annex I-B,Derivados acero
8429515050,Annex I-B,Derivados acero
8429515060,Annex I-B,Derivados acero
8429521010,Annex I-B,Derivados acero
8429521020,Annex I-B,Derivados acero
8429521030,Annex I-B,Derivados acero
8429521040,Annex I-B,Derivados acero
8429521050,Annex I-B,Derivados acero
8429525010,Annex I-B,Derivados acero
8429525090,Annex I-B,Derivados acero
8429591030,Annex I-B,Derivados acero
8429591060,Annex I-B,Derivados acero
8429591090,Annex I-B,Derivados acero
8429595020,Annex I-B,Derivados acero
8429595040,Annex I-B,Derivados acero
8429595060,Annex I-B,Derivados acero
8429595080,Annex I-B,Derivados acero
8431200000,Annex I-B,Derivados acero
8431310020,Annex I-B,Derivados acero
8431310040,Annex I-B,Derivados acero
8431310060,Annex I-B,Derivados acero
8431420000,Annex I-B,Derivados acero
8431434000,Annex I-B,Derivados acero
8431438020,Annex I-B,Derivados acero
8431438040,Annex I-B,Derivados acero
8431438060,Annex I-B,Derivados acero
8431438090,Annex I-B,Derivados acero
8431491010,Annex I-B,Derivados acero
8431491060,Annex I-B,Derivados acero
8431491070,Annex I-B,Derivados acero
8431491080,Annex I-B,Derivados acero
8431499005,Annex I-B,Derivados acero
8431499010,Annex I-B,Derivados acero
8431499015,Annex I-B,Derivados acero
8431499020,Annex I-B,Derivados acero
8431499025,Annex I-B,Derivados acero
8431499032,Annex I-B,Derivados acero
8431499034,Annex I-B,Derivados acero
8431499035,Annex I-B,Derivados acero
8431499036,Annex I-B,Derivados acero
8431499038,Annex I-B,Derivados acero
8431499039,Annex I-B,Derivados acero
8431499041,Annex I-B,Derivados acero
8431499045,Annex I-B,Derivados acero
8431499050,Annex I-B,Derivados acero
8431499055,Annex I-B,Derivados acero
8431499081,Annex I-B,Derivados acero
8431499084,Annex I-B,Derivados acero
8431499090,Annex I-B,Derivados acero
8431499092,Annex I-B,Derivados acero
8431499094,Annex I-B,Derivados acero
8432100020,Annex I-B,Derivados acero
8432100040,Annex I-B,Derivados acero
8432100060,Annex I-B,Derivados acero
8432900010,Annex I-B,Derivados acero
8432900020,Annex I-B,Derivados acero
8432900040,Annex I-B,Derivados acero
8432900050,Annex I-B,Derivados acero
8432900060,Annex I-B,Derivados acero
8432900081,Annex I-B,Derivados acero
8433110010,Annex I-B,Derivados acero
8433110020,Annex I-B,Derivados acero
8433110030,Annex I-B,Derivados acero
8433110040,Annex I-B,Derivados acero
8433110050,Annex I-B,Derivados acero
8433110060,Annex I-B,Derivados acero
8433200020,Annex I-B,Derivados acero
8433200040,Annex I-B,Derivados acero
8433200060,Annex I-B,Derivados acero
8433510010,Annex I-B,Derivados acero
8433510090,Annex I-B,Derivados acero
8433590010,Annex I-B,Derivados acero
8433590090,Annex I-B,Derivados acero
8433901010,Annex I-B,Derivados acero
8433901090,Annex I-B,Derivados acero
8433905010,Annex I-B,Derivados acero
8433905025,Annex I-B,Derivados acero
8433905045,Annex I-B,Derivados acero
8433905060,Annex I-B,Derivados acero
8433905080,Annex I-B,Derivados acero
8443160000,Annex I-B,Derivados acero
8450110010,Annex I-B,Derivados acero
8450110040,Annex I-B,Derivados acero
8450110080,Annex I-B,Derivados acero
8450200010,Annex I-B,Derivados acero
8450200040,Annex I-B,Derivados acero
8450200080,Annex I-B,Derivados acero
8451210010,Annex I-B,Derivados acero
8451210090,Annex I-B,Derivados acero
8451290010,Annex I-B,Derivados acero
8451290090,Annex I-B,Derivados acero
8479895500,Annex I-B,Derivados acero
8479896500,Annex I-B,Derivados acero
8479904500,Annex I-B,Derivados acero
8479905500,Annex I-B,Derivados acero
8479906500,Annex I-B,Derivados acero
8479907500,Annex I-B,Derivados acero
8479908500,Annex I-B,Derivados acero
8482105004,Annex I-B,Derivados acero
8482105008,Annex I-B,Derivados acero
8482105012,Annex I-B,Derivados acero
8482105016,Annex I-B,Derivados acero
8482105024,Annex I-B,Derivados acero
8482105028,Annex I-B,Derivados acero
8482105032,Annex I-B,Derivados acero
8482105036,Annex I-B,Derivados acero
8482105052,Annex I-B,Derivados acero
8482105056,Annex I-B,Derivados acero
8482105060,Annex I-B,Derivados acero
8482105064,Annex I-B,Derivados acero
8482105068,Annex I-B,Derivados acero
8482200064,Annex I-B,Derivados acero
8482200067,Annex I-B,Derivados acero
8482200090,Annex I-B,Derivados acero
8482990500,Annex I-B,Derivados acero
8482991550,Annex I-B,Derivados acero
8482991570,Annex I-B,Derivados acero
8482991580,Annex I-B,Derivados acero
8482992520,Annex I-B,Derivados acero
8482992540,Annex I-B,Derivados acero
8482992560,Annex I-B,Derivados acero
8482992580,Annex I-B,Derivados acero
8482993500,Annex I-B,Derivados acero
8482994500,Annex I-B,Derivados acero
8482996510,Annex I-B,Derivados acero
8482996530,Annex I-B,Derivados acero
8482996560,Annex I-B,Derivados acero
8482996595,Annex I-B,Derivados acero
8483101010,Annex I-B,Derivados acero
8483101050,Annex I-B,Derivados acero
8483105000,Annex I-B,Derivados acero
8483204040,Annex I-B,Derivados acero
8483204080,Annex I-B,Derivados acero
8483208040,Annex I-B,Derivados acero
8483208080,Annex I-B,Derivados acero
8483304040,Annex I-B,Derivados acero
8483304080,Annex I-B,Derivados acero
8483308020,Annex I-B,Derivados acero
8483308040,Annex I-B,Derivados acero
8483308055,Annex I-B,Derivados acero
8483308065,Annex I-B,Derivados acero
8483308070,Annex I-B,Derivados acero
8483308090,Annex I-B,Derivados acero
8483401000,Annex I-B,Derivados acero
8483405020,Annex I-B,Derivados acero
8483409000,Annex I-B,Derivados acero
8483506000,Annex I-B,Derivados acero
8483509040,Annex I-B,Derivados acero
8483509080,Annex I-B,Derivados acero
8483604040,Annex I-B,Derivados acero
8483604080,Annex I-B,Derivados acero
8483903000,Annex I-B,Derivados acero
8483905010,Annex I-B,Derivados acero
8483905080,Annex I-B,Derivados acero
8483907000,Annex I-B,Derivados acero
8483908010,Annex I-B,Derivados acero
8483908040,Annex I-B,Derivados acero
8483908080,Annex I-B,Derivados acero
8501536000,Annex I-B,Derivados acero
8501538040,Annex I-B,Derivados acero
8501538060,Annex I-B,Derivados acero
8501640110,Annex I-B,Derivados acero
8502310000,Annex I-B,Derivados acero
8503003500,Annex I-B,Derivados acero
8503006500,Annex I-B,Derivados acero
8503007500,Annex I-B,Derivados acero
8503009550,Annex I-B,Derivados acero
8503009580,Annex I-B,Derivados acero
8504210020,Annex I-B,Derivados acero
8504210040,Annex I-B,Derivados acero
8504210060,Annex I-B,Derivados acero
8504210080,Annex I-B,Derivados acero
8504220040,Annex I-B,Derivados acero
8504220080,Annex I-B,Derivados acero
8504320000,Annex I-B,Derivados acero
8504330020,Annex I-B,Derivados acero
8504330040,Annex I-B,Derivados acero
8504909634,Annex I-B,Derivados acero
8504909638,Annex I-B,Derivados acero
8504909642,Annex I-B,Derivados acero
8509802000,Annex I-B,Derivados acero
8514204000,Annex I-B,Derivados acero
8514206000,Annex I-B,Derivados acero
8516290030,Annex I-B,Derivados acero
8516290060,Annex I-B,Derivados acero
8516290090,Annex I-B,Derivados acero
8516604060,Annex I-B,Derivados acero
8516604070,Annex I-B,Derivados acero
8516604074,Annex I-B,Derivados acero
8516604078,Annex I-B,Derivados acero
8516604082,Annex I-B,Derivados acero
8516604086,Annex I-B,Derivados acero
8516606000,Annex I-B,Derivados acero
8547900010,Annex I-B,Derivados acero
8601100000,Annex I-B,Derivados acero
8601200000,Annex I-B,Derivados acero
8602100000,Annex I-B,Derivados acero
8602900000,Annex I-B,Derivados acero
8603100000,Annex I-B,Derivados acero
8603900000,Annex I-B,Derivados acero
8604000000,Annex I-B,Derivados acero
8605000000,Annex I-B,Derivados acero
8606100000,Annex I-B,Derivados acero
8607110000,Annex I-B,Derivados acero
8607190300,Annex I-B,Derivados acero
8607190600,Annex I-B,Derivados acero
8607191200,Annex I-B,Derivados acero
8607191500,Annex I-B,Derivados acero
8607199000,Annex I-B,Derivados acero
8607215000,Annex I-B,Derivados acero
8607301010,Annex I-B,Derivados acero
8607301050,Annex I-B,Derivados acero
8607301090,Annex I-B,Derivados acero
8607305000,Annex I-B,Derivados acero
8607910000,Annex I-B,Derivados acero
8607995000,Annex I-B,Derivados acero
8609000000,Annex I-B,Derivados acero
8701100100,Annex I-B,Derivados acero
8701210080,Annex I-B,Derivados acero
8701220080,Annex I-B,Derivados acero
8701230080,Annex I-B,Derivados acero
8701240080,Annex I-B,Derivados acero
8701290080,Annex I-B,Derivados acero
8701301015,Annex I-B,Derivados acero
8701301030,Annex I-B,Derivados acero
8701301045,Annex I-B,Derivados acero
8701301060,Annex I-B,Derivados acero
8701301075,Annex I-B,Derivados acero
8701301090,Annex I-B,Derivados acero
8701305015,Annex I-B,Derivados acero
8701305030,Annex I-B,Derivados acero
8701305045,Annex I-B,Derivados acero
8701305060,Annex I-B,Derivados acero
8701305075,Annex I-B,Derivados acero
8701305090,Annex I-B,Derivados acero
8701911000,Annex I-B,Derivados acero
8701915000,Annex I-B,Derivados acero
8701921000,Annex I-B,Derivados acero
8701925000,Annex I-B,Derivados acero
8701931000,Annex I-B,Derivados acero
8701935000,Annex I-B,Derivados acero
8701941000,Annex I-B,Derivados acero
8701945000,Annex I-B,Derivados acero
8701951000,Annex I-B,Derivados acero
8701955000,Annex I-B,Derivados acero
8702103100,Annex I-B,Derivados acero
8702106100,Annex I-B,Derivados acero
8703101000,Annex I-B,Derivados acero
8703105030,Annex I-B,Derivados acero
8703105060,Annex I-B,Derivados acero
8703210110,Annex I-B,Derivados acero
8703210130,Annex I-B,Derivados acero
8703210150,Annex I-B,Derivados acero
8705100010,Annex I-B,Derivados acero
8705100050,Annex I-B,Derivados acero
8705200000,Annex I-B,Derivados acero
8706003000,Annex I-B,Derivados acero
8708103020,Annex I-B,Derivados acero
8708103030,Annex I-B,Derivados acero
8708103040,Annex I-B,Derivados acero
8708103050,Annex I-B,Derivados acero
870829212,Annex I-B,Derivados acero
8708292120,Annex I-B,Derivados acero
8708292130,Annex I-B,Derivados acero
8708292140,Annex I-B,Derivados acero
8708403000,Annex I-B,Derivados acero
8708406000,Annex I-B,Derivados acero
8708921000,Annex I-B,Derivados acero
8708925000,Annex I-B,Derivados acero
8708926000,Annex I-B,Derivados acero
8708927500,Annex I-B,Derivados acero
8708931500,Annex I-B,Derivados acero
8708933000,Annex I-B,Derivados acero
8708992300,Annex I-B,Derivados acero
8708998105,Annex I-B,Derivados acero
8708998115,Annex I-B,Derivados acero
8708998130,Annex I-B,Derivados acero
8708998160,Annex I-B,Derivados acero
8708998180,Annex I-B,Derivados acero
8716100030,Annex I-B,Derivados acero
8716100075,Annex I-B,Derivados acero
8716390010,Annex I-B,Derivados acero
8716390020,Annex I-B,Derivados acero
8716390030,Annex I-B,Derivados acero
8716390040,Annex I-B,Derivados acero
8716390050,Annex I-B,Derivados acero
8716390090,Annex I-B,Derivados acero
8716801000,Annex I-B,Derivados acero
8716805020,Annex I-B,Derivados acero
8716805090,Annex I-B,Derivados acero
8716901010,Annex I-B,Derivados acero
8716901020,Annex I-B,Derivados acero
8716901090,Annex I-B,Derivados acero
8716903000,Annex I-B,Derivados acero
8716905010,Annex I-B,Derivados acero
8716905035,Annex I-B,Derivados acero
8716905046,Annex I-B,Derivados acero
8716905047,Annex I-B,Derivados acero
8716905048,Annex I-B,Derivados acero
8716905056,Annex I-B,Derivados acero
8716905059,Annex I-B,Derivados acero
8716905060,Annex I-B,Derivados acero
9403999020,Annex I-B,Derivados acero
9406200000,Annex I-B,Derivados acero
9406900110,Annex I-B,Derivados acero
9406900120,Annex I-B,Derivados acero
9406900130,Annex I-B,Derivados acero
9406900150,Annex I-B,Derivados acero
9406900190,Annex I-B,Derivados acero
7615102015,Annex I-B,Derivados aluminio
7615102025,Annex I-B,Derivados aluminio
7615103015,Annex I-B,Derivados aluminio
7615103025,Annex I-B,Derivados aluminio
7615105020,Annex I-B,Derivados aluminio
7615105040,Annex I-B,Derivados aluminio
7615107125,Annex I-B,Derivados aluminio
7615107130,Annex I-B,Derivados aluminio
7615107155,Annex I-B,Derivados aluminio
7615107180,Annex I-B,Derivados aluminio
7615109100,Annex I-B,Derivados aluminio
7615200000,Annex I-B,Derivados aluminio
7616991000,Annex I-B,Derivados aluminio
7616995130,Annex I-B,Derivados aluminio
7616995140,Annex I-B,Derivados aluminio
8302103000,Annex I-B,Derivados aluminio
8302106030,Annex I-B,Derivados aluminio
8302106060,Annex I-B,Derivados aluminio
8302106090,Annex I-B,Derivados aluminio
8302200000,Annex I-B,Derivados aluminio
8302303010,Annex I-B,Derivados aluminio
8302303060,Annex I-B,Derivados aluminio
8302413000,Annex I-B,Derivados aluminio
8302416015,Annex I-B,Derivados aluminio
8302416045,Annex I-B,Derivados aluminio
8302416050,Annex I-B,Derivados aluminio
8302416080,Annex I-B,Derivados aluminio
8302423010,Annex I-B,Derivados aluminio
8302423015,Annex I-B,Derivados aluminio
8302423065,Annex I-B,Derivados aluminio
8302496035,Annex I-B,Derivados aluminio
8302496045,Annex I-B,Derivados aluminio
8302496055,Annex I-B,Derivados aluminio
8302496085,Annex I-B,Derivados aluminio
8302500000,Annex I-B,Derivados aluminio
8302603000,Annex I-B,Derivados aluminio
8302609000,Annex I-B,Derivados aluminio
8305100050,Annex I-B,Derivados aluminio
8306300000,Annex I-B,Derivados aluminio
8307906000,Annex I-B,Derivados aluminio
8309900020,Annex I-B,Derivados aluminio
8309900025,Annex I-B,Derivados aluminio
8412909070,Annex I-B,Derivados aluminio
8412909075,Annex I-B,Derivados aluminio
8414596590,Annex I-B,Derivados aluminio
8414801605,Annex I-B,Derivados aluminio
8414801615,Annex I-B,Derivados aluminio
8414801625,Annex I-B,Derivados aluminio
8414801635,Annex I-B,Derivados aluminio
8414801640,Annex I-B,Derivados aluminio
8414801645,Annex I-B,Derivados aluminio
8414801655,Annex I-B,Derivados aluminio
8414801660,Annex I-B,Derivados aluminio
8414801665,Annex I-B,Derivados aluminio
8414801670,Annex I-B,Derivados aluminio
8414801675,Annex I-B,Derivados aluminio
8414801680,Annex I-B,Derivados aluminio
8414801685,Annex I-B,Derivados aluminio
8414801690,Annex I-B,Derivados aluminio
8415908010,Annex I-B,Derivados aluminio
8415908020,Annex I-B,Derivados aluminio
8415908045,Annex I-B,Derivados aluminio
8415908085,Annex I-B,Derivados aluminio
8418100010,Annex I-B,Derivados aluminio
8418100020,Annex I-B,Derivados aluminio
8418100030,Annex I-B,Derivados aluminio
8418100045,Annex I-B,Derivados aluminio
8418100055,Annex I-B,Derivados aluminio
8418100065,Annex I-B,Derivados aluminio
8418100080,Annex I-B,Derivados aluminio
8418100085,Annex I-B,Derivados aluminio
8418100090,Annex I-B,Derivados aluminio
8418998005,Annex I-B,Derivados aluminio
8418998050,Annex I-B,Derivados aluminio
8418998060,Annex I-B,Derivados aluminio
8419501000,Annex I-B,Derivados aluminio
8419505000,Annex I-B,Derivados aluminio
8419901000,Annex I-B,Derivados aluminio
8422900640,Annex I-B,Derivados aluminio
8424909080,Annex I-B,Derivados aluminio
8443160000,Annex I-B,Derivados aluminio
8450110010,Annex I-B,Derivados aluminio
8450110040,Annex I-B,Derivados aluminio
8450110080,Annex I-B,Derivados aluminio
8451210010,Annex I-B,Derivados aluminio
8451210090,Annex I-B,Derivados aluminio
8467220020,Annex I-B,Derivados aluminio
8467220040,Annex I-B,Derivados aluminio
8467220070,Annex I-B,Derivados aluminio
8467220090,Annex I-B,Derivados aluminio
8467290010,Annex I-B,Derivados aluminio
8467290015,Annex I-B,Derivados aluminio
8467290025,Annex I-B,Derivados aluminio
8467290035,Annex I-B,Derivados aluminio
8467290040,Annex I-B,Derivados aluminio
8467290055,Annex I-B,Derivados aluminio
8467290065,Annex I-B,Derivados aluminio
8467290070,Annex I-B,Derivados aluminio
8467290080,Annex I-B,Derivados aluminio
8467290085,Annex I-B,Derivados aluminio
8467290090,Annex I-B,Derivados aluminio
8467810000,Annex I-B,Derivados aluminio
8467895030,Annex I-B,Derivados aluminio
8467895060,Annex I-B,Derivados aluminio
8467895090,Annex I-B,Derivados aluminio
8479908500,Annex I-B,Derivados aluminio
8481909060,Annex I-B,Derivados aluminio
8481909085,Annex I-B,Derivados aluminio
8483405020,Annex I-B,Derivados aluminio
8483905020,Annex I-B,Derivados aluminio
8487900080,Annex I-B,Derivados aluminio
8501640110,Annex I-B,Derivados aluminio
8502200030,Annex I-B,Derivados aluminio
8502200060,Annex I-B,Derivados aluminio
8502200070,Annex I-B,Derivados aluminio
8502200085,Annex I-B,Derivados aluminio
8502310000,Annex I-B,Derivados aluminio
8503009520,Annex I-B,Derivados aluminio
8503009546,Annex I-B,Derivados aluminio
8503009570,Annex I-B,Derivados aluminio
8504312000,Annex I-B,Derivados aluminio
8504314035,Annex I-B,Derivados aluminio
8504314065,Annex I-B,Derivados aluminio
8504316000,Annex I-B,Derivados aluminio
8504330020,Annex I-B,Derivados aluminio
8504330040,Annex I-B,Derivados aluminio
8504904100,Annex I-B,Derivados aluminio
8508700000,Annex I-B,Derivados aluminio
8513902000,Annex I-B,Derivados aluminio
8515902000,Annex I-B,Derivados aluminio
8516905000,Annex I-B,Derivados aluminio
8516908050,Annex I-B,Derivados aluminio
8517710000,Annex I-B,Derivados aluminio
8529907300,Annex I-B,Derivados aluminio
8536908585,Annex I-B,Derivados aluminio
8538100000,Annex I-B,Derivados aluminio
8543908885,Annex I-B,Derivados aluminio
8544190000,Annex I-B,Derivados aluminio
8544429010,Annex I-B,Derivados aluminio
8544429090,Annex I-B,Derivados aluminio
8544492000,Annex I-B,Derivados aluminio
8544499000,Annex I-B,Derivados aluminio
8544602000,Annex I-B,Derivados aluminio
8544606000,Annex I-B,Derivados aluminio
8547900020,Annex I-B,Derivados aluminio
8547900030,Annex I-B,Derivados aluminio
8547900040,Annex I-B,Derivados aluminio
8708103020,Annex I-B,Derivados aluminio
8708103030,Annex I-B,Derivados aluminio
8708103040,Annex I-B,Derivados aluminio
8708103050,Annex I-B,Derivados aluminio
8708106010,Annex I-B,Derivados aluminio
8708106050,Annex I-B,Derivados aluminio
8708295160,Annex I-B,Derivados aluminio
870829212,Annex I-B,Derivados aluminio
8708292120,Annex I-B,Derivados aluminio
8708292130,Annex I-B,Derivados aluminio
8708292140,Annex I-B,Derivados aluminio
8708806590,Annex I-B,Derivados aluminio
8708996890,Annex I-B,Derivados aluminio
8716100030,Annex I-B,Derivados aluminio
8716100075,Annex I-B,Derivados aluminio
8716390010,Annex I-B,Derivados aluminio
8716390020,Annex I-B,Derivados aluminio
8716390030,Annex I-B,Derivados aluminio
8716390040,Annex I-B,Derivados aluminio
8716390050,Annex I-B,Derivados aluminio
8716390090,Annex I-B,Derivados aluminio
8716905010,Annex I-B,Derivados aluminio
8716905035,Annex I-B,Derivados aluminio
8716905046,Annex I-B,Derivados aluminio
8716905047,Annex I-B,Derivados aluminio
8716905048,Annex I-B,Derivados aluminio
8716905056,Annex I-B,Derivados aluminio
8716905059,Annex I-B,Derivados aluminio
8716905060,Annex I-B,Derivados aluminio
8716805010,Annex I-B,Derivados aluminio
8544421000,Annex I-B,Articulos cobre
8544422000,Annex I-B,Articulos cobre
8544429010,Annex I-B,Articulos cobre
8544429090,Annex I-B,Articulos cobre
8544491000,Annex I-B,Articulos cobre
0402996800,Annex II,Derivados acero
0402997000,Annex II,Derivados acero
0402999000,Annex II,Derivados acero
2106909998,Annex II,Derivados acero
2710193050,Annex II,Derivados acero
2711120020,Annex II,Derivados acero
2804290010,Annex II,Derivados acero
2804400000,Annex II,Derivados acero
2901220000,Annex II,Derivados acero
2903421000,Annex II,Derivados acero
2903431000,Annex II,Derivados acero
2903441010,Annex II,Derivados acero
2903441020,Annex II,Derivados acero
2903441030,Annex II,Derivados acero
2903451000,Annex II,Derivados acero
2903490000,Annex II,Derivados acero
2903511000,Annex II,Derivados acero
2903599000,Annex II,Derivados acero
2903710100,Annex II,Derivados acero
3004909251,Annex II,Derivados acero
3208100000,Annex II,Derivados acero
3208200000,Annex II,Derivados acero
3208900000,Annex II,Derivados acero
3209100000,Annex II,Derivados acero
3209900000,Annex II,Derivados acero
3213900000,Annex II,Derivados acero
3214100010,Annex II,Derivados acero
3214100020,Annex II,Derivados acero
3214100090,Annex II,Derivados acero
3303001000,Annex II,Derivados acero
3303002000,Annex II,Derivados acero
3303003000,Annex II,Derivados acero
3304300000,Annex II,Derivados acero
3304995000,Annex II,Derivados acero
3305100000,Annex II,Derivados acero
3305300000,Annex II,Derivados acero
3305900000,Annex II,Derivados acero
3306900000,Annex II,Derivados acero
3307101000,Annex II,Derivados acero
3307102000,Annex II,Derivados acero
3307200000,Annex II,Derivados acero
3307490000,Annex II,Derivados acero
3307900000,Annex II,Derivados acero
3401301000,Annex II,Derivados acero
3401305000,Annex II,Derivados acero
3402319000,Annex II,Derivados acero
3402499000,Annex II,Derivados acero
3402501100,Annex II,Derivados acero
3402505100,Annex II,Derivados acero
3402901000,Annex II,Derivados acero
3402903000,Annex II,Derivados acero
3402905010,Annex II,Derivados acero
3402905030,Annex II,Derivados acero
3402905050,Annex II,Derivados acero
3403191000,Annex II,Derivados acero
3403195000,Annex II,Derivados acero
3403990000,Annex II,Derivados acero
3405100000,Annex II,Derivados acero
3405200000,Annex II,Derivados acero
3405400000,Annex II,Derivados acero
3405900000,Annex II,Derivados acero
3506105000,Annex II,Derivados acero
3506911000,Annex II,Derivados acero
3506915000,Annex II,Derivados acero
3506990000,Annex II,Derivados acero
3808591000,Annex II,Derivados acero
3808594000,Annex II,Derivados acero
3808611000,Annex II,Derivados acero
3808615000,Annex II,Derivados acero
3808621000,Annex II,Derivados acero
3808625000,Annex II,Derivados acero
3808691000,Annex II,Derivados acero
3808695000,Annex II,Derivados acero
3808911500,Annex II,Derivados acero
3808912501,Annex II,Derivados acero
3808913000,Annex II,Derivados acero
3808915001,Annex II,Derivados acero
3808941000,Annex II,Derivados acero
3808945010,Annex II,Derivados acero
3808945050,Annex II,Derivados acero
3808945080,Annex II,Derivados acero
3808945095,Annex II,Derivados acero
3809910000,Annex II,Derivados acero
3810100000,Annex II,Derivados acero
3811190000,Annex II,Derivados acero
3811210000,Annex II,Derivados acero
3814001000,Annex II,Derivados acero
3814002000,Annex II,Derivados acero
3814005010,Annex II,Derivados acero
3814005090,Annex II,Derivados acero
3820000000,Annex II,Derivados acero
3824999397,Annex II,Derivados acero
3827610000,Annex II,Derivados acero
3827620000,Annex II,Derivados acero
3827630000,Annex II,Derivados acero
3827640000,Annex II,Derivados acero
3827650000,Annex II,Derivados acero
3925200010,Annex II,Derivados acero
3925200020,Annex II,Derivados acero
3925200091,Annex II,Derivados acero
3926901000,Annex II,Derivados acero
7323915020,Annex II,Derivados acero
7323915040,Annex II,Derivados acero
7323920020,Annex II,Derivados acero
7323920040,Annex II,Derivados acero
8407210040,Annex II,Derivados acero
8407210080,Annex II,Derivados acero
8408201040,Annex II,Derivados acero
8408201080,Annex II,Derivados acero
8408209000,Annex II,Derivados acero
8409915010,Annex II,Derivados acero
8409915081,Annex II,Derivados acero
8409915085,Annex II,Derivados acero
8409919210,Annex II,Derivados acero
8409919290,Annex II,Derivados acero
8409919910,Annex II,Derivados acero
8409919990,Annex II,Derivados acero
8409999110,Annex II,Derivados acero
8409999190,Annex II,Derivados acero
8409999210,Annex II,Derivados acero
8409999290,Annex II,Derivados acero
8409999910,Annex II,Derivados acero
8409999990,Annex II,Derivados acero
8501534040,Annex II,Derivados acero
8501534080,Annex II,Derivados acero
8424100000,Annex II,Derivados acero
8503004500,Annex II,Derivados acero
8503009000,Annex II,Derivados acero
8705900010,Annex II,Derivados acero
8705900020,Annex II,Derivados acero
8710000030,Annex II,Derivados acero
8710000060,Annex II,Derivados acero
8710000090,Annex II,Derivados acero
8711300030,Annex II,Derivados acero
8711300060,Annex II,Derivados acero
8711300090,Annex II,Derivados acero
8711500030,Annex II,Derivados acero
8711500060,Annex II,Derivados acero
8711600050,Annex II,Derivados acero
8711600090,Annex II,Derivados acero
8714100010,Annex II,Derivados acero
8714100020,Annex II,Derivados acero
8714100050,Annex II,Derivados acero
9401710001,Annex II,Derivados acero
9401710005,Annex II,Derivados acero
9401710006,Annex II,Derivados acero
9401710007,Annex II,Derivados acero
9401710008,Annex II,Derivados acero
9401710011,Annex II,Derivados acero
9401710031,Annex II,Derivados acero
9401790001,Annex II,Derivados acero
9401790002,Annex II,Derivados acero
9401790003,Annex II,Derivados acero
9401790004,Annex II,Derivados acero
9401790006,Annex II,Derivados acero
9401790011,Annex II,Derivados acero
9401790015,Annex II,Derivados acero
9401790025,Annex II,Derivados acero
9401790035,Annex II,Derivados acero
9401790046,Annex II,Derivados acero
9401790050,Annex II,Derivados acero
9403100020,Annex II,Derivados acero
9403100040,Annex II,Derivados acero
9403200011,Annex II,Derivados acero
9403200016,Annex II,Derivados acero
9403200017,Annex II,Derivados acero
9403200035,Annex II,Derivados acero
9403200040,Annex II,Derivados acero
9403200046,Annex II,Derivados acero
9403200048,Annex II,Derivados acero
9403200050,Annex II,Derivados acero
9403200075,Annex II,Derivados acero
9403200078,Annex II,Derivados acero
9403200082,Annex II,Derivados acero
9403200086,Annex II,Derivados acero
9403200090,Annex II,Derivados acero
9403991050,Annex II,Derivados acero
9403991085,Annex II,Derivados acero
9403999010,Annex II,Derivados acero
9403999015,Annex II,Derivados acero
9403999040,Annex II,Derivados acero
9403999045,Annex II,Derivados acero
9403999051,Annex II,Derivados acero
9403999061,Annex II,Derivados acero
9405992000,Annex II,Derivados acero
9405994010,Annex II,Derivados acero
9405994090,Annex II,Derivados acero
9506910010,Annex II,Derivados acero
9506910020,Annex II,Derivados acero
9506910030,Annex II,Derivados acero
0402996800,Annex II,Derivados aluminio
0402997000,Annex II,Derivados aluminio
0402999000,Annex II,Derivados aluminio
2106909998,Annex II,Derivados aluminio
2203000030,Annex II,Derivados aluminio
2203000060,Annex II,Derivados aluminio
2203000090,Annex II,Derivados aluminio
2710193050,Annex II,Derivados aluminio
2903431000,Annex II,Derivados aluminio
2903451000,Annex II,Derivados aluminio
2903490000,Annex II,Derivados aluminio
2903511000,Annex II,Derivados aluminio
2903599000,Annex II,Derivados aluminio
3004909251,Annex II,Derivados aluminio
3208100000,Annex II,Derivados aluminio
3208200000,Annex II,Derivados aluminio
3208900000,Annex II,Derivados aluminio
3209100000,Annex II,Derivados aluminio
3209900000,Annex II,Derivados aluminio
3213900000,Annex II,Derivados aluminio
3214100010,Annex II,Derivados aluminio
3214100020,Annex II,Derivados aluminio
3214100090,Annex II,Derivados aluminio
3303001000,Annex II,Derivados aluminio
3303002000,Annex II,Derivados aluminio
3303003000,Annex II,Derivados aluminio
3304300000,Annex II,Derivados aluminio
3304995000,Annex II,Derivados aluminio
3305100000,Annex II,Derivados aluminio
3305300000,Annex II,Derivados aluminio
3305900000,Annex II,Derivados aluminio
3306900000,Annex II,Derivados aluminio
3307101000,Annex II,Derivados aluminio
3307102000,Annex II,Derivados aluminio
3307200000,Annex II,Derivados aluminio
3307490000,Annex II,Derivados aluminio
3307900000,Annex II,Derivados aluminio
3401301000,Annex II,Derivados aluminio
3401305000,Annex II,Derivados aluminio
3402319000,Annex II,Derivados aluminio
3402499000,Annex II,Derivados aluminio
3402501100,Annex II,Derivados aluminio
3402505100,Annex II,Derivados aluminio
3402901000,Annex II,Derivados aluminio
3402903000,Annex II,Derivados aluminio
3402905010,Annex II,Derivados aluminio
3402905030,Annex II,Derivados aluminio
3402905050,Annex II,Derivados aluminio
3403191000,Annex II,Derivados aluminio
3403195000,Annex II,Derivados aluminio
3403990000,Annex II,Derivados aluminio
3405100000,Annex II,Derivados aluminio
3405200000,Annex II,Derivados aluminio
3405400000,Annex II,Derivados aluminio
3405900000,Annex II,Derivados aluminio
3506105000,Annex II,Derivados aluminio
3506911000,Annex II,Derivados aluminio
3506915000,Annex II,Derivados aluminio
3506990000,Annex II,Derivados aluminio
3701300000,Annex II,Derivados aluminio
3808591000,Annex II,Derivados aluminio
3808594000,Annex II,Derivados aluminio
3808611000,Annex II,Derivados aluminio
3808615000,Annex II,Derivados aluminio
3808621000,Annex II,Derivados aluminio
3808625000,Annex II,Derivados aluminio
3808691000,Annex II,Derivados aluminio
3808695000,Annex II,Derivados aluminio
3808911500,Annex II,Derivados aluminio
3808912501,Annex II,Derivados aluminio
3808913000,Annex II,Derivados aluminio
3808915001,Annex II,Derivados aluminio
3808941000,Annex II,Derivados aluminio
3808945010,Annex II,Derivados aluminio
3808945050,Annex II,Derivados aluminio
3808945080,Annex II,Derivados aluminio
3808945095,Annex II,Derivados aluminio
3809910000,Annex II,Derivados aluminio
3810100000,Annex II,Derivados aluminio
3811190000,Annex II,Derivados aluminio
3811210000,Annex II,Derivados aluminio
3814001000,Annex II,Derivados aluminio
3814002000,Annex II,Derivados aluminio
3814005010,Annex II,Derivados aluminio
3814005090,Annex II,Derivados aluminio
3820000000,Annex II,Derivados aluminio
3824999397,Annex II,Derivados aluminio
6603908100,Annex II,Derivados aluminio
8473302000,Annex II,Derivados aluminio
8473305100,Annex II,Derivados aluminio
8486900000,Annex II,Derivados aluminio
8517790000,Annex II,Derivados aluminio
8529909760,Annex II,Derivados aluminio
8541900000,Annex II,Derivados aluminio
8807300060,Annex II,Derivados aluminio
9031909195,Annex II,Derivados aluminio
9401790001,Annex II,Derivados aluminio
9401790002,Annex II,Derivados aluminio
9401790003,Annex II,Derivados aluminio
9401790004,Annex II,Derivados aluminio
9401790006,Annex II,Derivados aluminio
9401790011,Annex II,Derivados aluminio
9401790015,Annex II,Derivados aluminio
9401790025,Annex II,Derivados aluminio
9401790035,Annex II,Derivados aluminio
9401790046,Annex II,Derivados aluminio
9401790050,Annex II,Derivados aluminio
9401999081,Annex II,Derivados aluminio
9403100020,Annex II,Derivados aluminio
9403100040,Annex II,Derivados aluminio
9403200011,Annex II,Derivados aluminio
9403200016,Annex II,Derivados aluminio
9403200017,Annex II,Derivados aluminio
9403200035,Annex II,Derivados aluminio
9403200040,Annex II,Derivados aluminio
9403200046,Annex II,Derivados aluminio
9403200048,Annex II,Derivados aluminio
9403200050,Annex II,Derivados aluminio
9403200075,Annex II,Derivados aluminio
9403200078,Annex II,Derivados aluminio
9403200082,Annex II,Derivados aluminio
9403200086,Annex II,Derivados aluminio
9403200090,Annex II,Derivados aluminio
9403991040,Annex II,Derivados aluminio
9403999010,Annex II,Derivados aluminio
9403999015,Annex II,Derivados aluminio
9403999020,Annex II,Derivados aluminio
9403999040,Annex II,Derivados aluminio
9403999045,Annex II,Derivados aluminio
9405994020,Annex II,Derivados aluminio
9506114080,Annex II,Derivados aluminio
9506514000,Annex II,Derivados aluminio
9506516000,Annex II,Derivados aluminio
9506594040,Annex II,Derivados aluminio
9506702090,Annex II,Derivados aluminio
9506910010,Annex II,Derivados aluminio
9506910020,Annex II,Derivados aluminio
9506910030,Annex II,Derivados aluminio
9506990510,Annex II,Derivados aluminio
9506990520,Annex II,Derivados aluminio
9506990530,Annex II,Derivados aluminio
9506991500,Annex II,Derivados aluminio
9506992000,Annex II,Derivados aluminio
9506992580,Annex II,Derivados aluminio
9506992800,Annex II,Derivados aluminio
9506995500,Annex II,Derivados aluminio
9506996080,Annex II,Derivados aluminio
9507302000,Annex II,Derivados aluminio
9507304000,Annex II,Derivados aluminio
9507306000,Annex II,Derivados aluminio
9507308000,Annex II,Derivados aluminio
9507906000,Annex II,Derivados aluminio
9603908050,Annex II,Derivados aluminio
8207200070,Annex III,Derivados acero
8207306062,Annex III,Derivados acero
8207306095,Annex III,Derivados acero
8401400000,Annex III,Derivados acero
8417900000,Annex III,Derivados acero
8421290005,Annex III,Derivados acero
8421290015,Annex III,Derivados acero
8421290040,Annex III,Derivados acero
8421290065,Annex III,Derivados acero
8424899000,Annex III,Derivados acero
8428320000,Annex III,Derivados acero
8428330000,Annex III,Derivados acero
8428390000,Annex III,Derivados acero
8428600000,Annex III,Derivados acero
8428700000,Annex III,Derivados acero
8428900310,Annex III,Derivados acero
8428900390,Annex III,Derivados acero
8431390010,Annex III,Derivados acero
8431390050,Annex III,Derivados acero
8431390070,Annex III,Derivados acero
8431390080,Annex III,Derivados acero
8431410020,Annex III,Derivados acero
8431410040,Annex III,Derivados acero
8431410060,Annex III,Derivados acero
8431410080,Annex III,Derivados acero
8454200010,Annex III,Derivados acero
8454200060,Annex III,Derivados acero
8455300005,Annex III,Derivados acero
8455300015,Annex III,Derivados acero
8455300025,Annex III,Derivados acero
8455300035,Annex III,Derivados acero
8455300045,Annex III,Derivados acero
8455300055,Annex III,Derivados acero
8455300065,Annex III,Derivados acero
8455300075,Annex III,Derivados acero
8455300085,Annex III,Derivados acero
8455904000,Annex III,Derivados acero
8455908000,Annex III,Derivados acero
8457100005,Annex III,Derivados acero
8457100015,Annex III,Derivados acero
8457100025,Annex III,Derivados acero
8457100055,Annex III,Derivados acero
8457100060,Annex III,Derivados acero
8457100065,Annex III,Derivados acero
8457100070,Annex III,Derivados acero
8457100075,Annex III,Derivados acero
8474900010,Annex III,Derivados acero
8474900020,Annex III,Derivados acero
8474900050,Annex III,Derivados acero
8474900090,Annex III,Derivados acero
8477103000,Annex III,Derivados acero
8477104000,Annex III,Derivados acero
8477109015,Annex III,Derivados acero
8477109030,Annex III,Derivados acero
8477109040,Annex III,Derivados acero
8477109050,Annex III,Derivados acero
8477109060,Annex III,Derivados acero
8477902540,Annex III,Derivados acero
8477902580,Annex III,Derivados acero
8477908601,Annex III,Derivados acero
8479909530,Annex III,Derivados acero
8479909550,Annex III,Derivados acero
8479909560,Annex III,Derivados acero
8479909565,Annex III,Derivados acero
8480490010,Annex III,Derivados acero
8480718045,Annex III,Derivados acero
8480718060,Annex III,Derivados acero
8480799010,Annex III,Derivados acero
8483608000,Annex III,Derivados acero
8483902000,Annex III,Derivados acero
8504230041,Annex III,Derivados acero
8504230045,Annex III,Derivados acero
8504230080,Annex III,Derivados acero
8424899000,Annex III,Derivados aluminio
8479899599,Annex III,Derivados aluminio
8479909596,Annex III,Derivados aluminio
8504340000,Annex III,Derivados aluminio
8504902000,Annex III,Derivados aluminio
8504906500,Annex III,Derivados aluminio
8504907500,Annex III,Derivados aluminio
8504909610,Annex III,Derivados aluminio
8504909630,Annex III,Derivados aluminio
8504909646,Annex III,Derivados aluminio
8504909650,Annex III,Derivados aluminio
8504909690,Annex III,Derivados aluminio
9013908000,Annex III,Derivados aluminio
